path,owner,project,language,code
./src/_00/output/Javascript/nodejs~node/test/fixtures/snapshot/typescript.js,nodejs,node,JavaScript,144982
./src/_00/output/Javascript/nodejs~node/deps/v8/test/mjsunit/wasm/embenchen/lua_binarytrees.js,nodejs,node,JavaScript,40863
./src/_00/output/Javascript/nodejs~node/deps/v8/test/mjsunit/asm/embenchen/lua_binarytrees.js,nodejs,node,JavaScript,40861
./src/_00/output/Javascript/nodejs~node/tools/lint-md/lint-md.mjs,nodejs,node,JavaScript,19729
./src/_00/output/Javascript/nodejs~node/deps/v8/test/mjsunit/wasm/embenchen/box2d.js,nodejs,node,JavaScript,19314
./src/_00/output/Javascript/nodejs~node/deps/v8/test/mjsunit/asm/embenchen/box2d.js,nodejs,node,JavaScript,19312
./src/_00/output/Javascript/nodejs~node/tools/github_reporter/index.js,nodejs,node,JavaScript,17164
./src/_00/output/Javascript/nodejs~node/tools/node_modules/eslint/node_modules/@babel/parser/lib/index.js,nodejs,node,JavaScript,14024
./src/_00/output/Javascript/nodejs~node/deps/v8/test/mjsunit/wasm/embenchen/zlib.js,nodejs,node,JavaScript,13811
./src/_00/output/Javascript/nodejs~node/deps/v8/test/mjsunit/asm/embenchen/zlib.js,nodejs,node,JavaScript,13809
./src/_00/output/Javascript/nodejs~node/deps/undici/undici.js,nodejs,node,JavaScript,11967
./src/_00/output/Javascript/nodejs~node/deps/v8/test/mjsunit/regress/regress-4595.js,nodejs,node,JavaScript,10003
./src/_00/output/Javascript/nodejs~node/deps/v8/test/mjsunit/wasm/embenchen/fasta.js,nodejs,node,JavaScript,7634
./src/_00/output/Javascript/nodejs~node/deps/v8/test/mjsunit/asm/embenchen/fasta.js,nodejs,node,JavaScript,7632
./src/_00/output/Javascript/nodejs~node/deps/v8/test/mjsunit/wasm/embenchen/fannkuch.js,nodejs,node,JavaScript,7502
./src/_00/output/Javascript/nodejs~node/deps/v8/test/mjsunit/asm/embenchen/fannkuch.js,nodejs,node,JavaScript,7500
./src/_00/output/Javascript/nodejs~node/deps/v8/test/mjsunit/asm/poppler/poppler.js,nodejs,node,JavaScript,7383
./src/_00/output/Javascript/nodejs~node/deps/v8/test/mjsunit/unicode-test.js,nodejs,node,JavaScript,7377
./src/_00/output/Javascript/nodejs~node/deps/v8/test/mjsunit/wasm/embenchen/memops.js,nodejs,node,JavaScript,7160
./src/_00/output/Javascript/nodejs~node/deps/v8/test/mjsunit/asm/embenchen/memops.js,nodejs,node,JavaScript,7158
./src/_00/output/Javascript/nodejs~node/deps/v8/test/mjsunit/third_party/regexp-pcre/regexp-pcre.js,nodejs,node,JavaScript,6518
./src/_00/output/Javascript/nodejs~node/deps/v8/test/mjsunit/typedarray-resizablearraybuffer.js,nodejs,node,JavaScript,6299
./src/_00/output/Javascript/nodejs~node/tools/node_modules/eslint/node_modules/ajv/dist/ajv.bundle.js,nodejs,node,JavaScript,6147
./src/_00/output/Javascript/nodejs~node/test/fixtures/postject-copy/node_modules/postject/dist/api.js,nodejs,node,JavaScript,5176
./src/_00/output/Javascript/nodejs~node/deps/v8/test/mjsunit/wasm/embenchen/corrections.js,nodejs,node,JavaScript,5060
./src/_00/output/Javascript/nodejs~node/deps/v8/test/mjsunit/wasm/embenchen/primes.js,nodejs,node,JavaScript,5060
./src/_00/output/Javascript/nodejs~node/deps/v8/test/mjsunit/asm/embenchen/corrections.js,nodejs,node,JavaScript,5058
./src/_00/output/Javascript/nodejs~node/deps/v8/test/mjsunit/asm/embenchen/primes.js,nodejs,node,JavaScript,5058
./src/_00/output/Javascript/nodejs~node/deps/v8/test/mjsunit/wasm/embenchen/copy.js,nodejs,node,JavaScript,5053
./src/_00/output/Javascript/nodejs~node/deps/v8/test/mjsunit/asm/embenchen/copy.js,nodejs,node,JavaScript,5051
./src/_00/output/Javascript/nodejs~node/deps/v8/test/mjsunit/unicodelctest-no-optimization.js,nodejs,node,JavaScript,4828
./src/_00/output/Javascript/nodejs~node/deps/v8/test/mjsunit/unicodelctest.js,nodejs,node,JavaScript,4828
./src/_00/output/Javascript/nodejs~node/deps/npm/test/lib/commands/ls.js,nodejs,node,JavaScript,4785
./src/_00/output/Javascript/nodejs~node/tools/node_modules/eslint/node_modules/acorn/dist/acorn.js,nodejs,node,JavaScript,4436
./src/_00/output/Javascript/nodejs~node/tools/node_modules/eslint/node_modules/acorn/dist/acorn.mjs,nodejs,node,JavaScript,4409
./src/_00/output/Javascript/nodejs~node/tools/node_modules/eslint/node_modules/esquery/dist/esquery.js,nodejs,node,JavaScript,3715
./src/_00/output/Javascript/nodejs~node/tools/node_modules/eslint/node_modules/esquery/dist/esquery.esm.js,nodejs,node,JavaScript,3709
./src/_00/output/Javascript/nodejs~node/test/fixtures/mime-whatwg-generated.js,nodejs,node,JavaScript,3527
./src/_00/output/Javascript/nodejs~node/tools/node_modules/eslint/node_modules/electron-to-chromium/full-chromium-versions.js,nodejs,node,JavaScript,3280
./src/_00/output/Javascript/nodejs~node/test/fixtures/wpt/resources/testharness.js,nodejs,node,JavaScript,3142
./src/_00/output/Javascript/nodejs~node/tools/node_modules/eslint/node_modules/esquery/dist/esquery.lite.js,nodejs,node,JavaScript,3108
./src/_00/output/Javascript/nodejs~node/deps/v8/test/mjsunit/typedarray-growablesharedarraybuffer.js,nodejs,node,JavaScript,3001
./src/_00/output/Javascript/nodejs~node/test/fixtures/wpt/resources/webidl2/lib/webidl2.js,nodejs,node,JavaScript,2944
./src/_00/output/Javascript/nodejs~node/deps/v8/test/wasm-js/third_party/testharness.js,nodejs,node,JavaScript,2872
./src/_00/output/Javascript/nodejs~node/test/parallel/test-util-inspect.js,nodejs,node,JavaScript,2843
./src/_00/output/Javascript/nodejs~node/tools/node_modules/eslint/node_modules/js-yaml/dist/js-yaml.js,nodejs,node,JavaScript,2831
./src/_00/output/Javascript/nodejs~node/tools/node_modules/eslint/node_modules/js-yaml/dist/js-yaml.mjs,nodejs,node,JavaScript,2811
./src/_00/output/Javascript/nodejs~node/lib/internal/webstreams/readablestream.js,nodejs,node,JavaScript,2778
./src/_00/output/Javascript/nodejs~node/tools/node_modules/eslint/node_modules/@babel/types/lib/validators/generated/index.js,nodejs,node,JavaScript,2749
./src/_00/output/Javascript/nodejs~node/tools/node_modules/eslint/node_modules/@eslint-community/regexpp/index.js,nodejs,node,JavaScript,2733
./src/_00/output/Javascript/nodejs~node/tools/node_modules/eslint/node_modules/@eslint-community/regexpp/index.mjs,nodejs,node,JavaScript,2725
./src/_00/output/Javascript/nodejs~node/tools/node_modules/eslint/node_modules/argparse/argparse.js,nodejs,node,JavaScript,2628
./src/_00/output/Javascript/nodejs~node/lib/internal/http2/core.js,nodejs,node,JavaScript,2583
./src/_00/output/Javascript/nodejs~node/deps/v8/test/mjsunit/harmony/well-formed-json-stringify-checked.js,nodejs,node,JavaScript,2556
./src/_00/output/Javascript/nodejs~node/deps/v8/test/mjsunit/harmony/well-formed-json-stringify-unchecked.js,nodejs,node,JavaScript,2556
./src/_00/output/Javascript/nodejs~node/test/fixtures/wpt/resources/idlharness.js,nodejs,node,JavaScript,2505
./src/_00/output/Javascript/nodejs~node/tools/node_modules/eslint/node_modules/jsdoc-type-pratt-parser/dist/index.js,nodejs,node,JavaScript,2420
./src/_00/output/Javascript/nodejs~node/tools/node_modules/eslint/node_modules/electron-to-chromium/full-versions.js,nodejs,node,JavaScript,2384
./src/_00/output/Javascript/nodejs~node/test/fixtures/wpt/streams/readable-byte-streams/general.any.js,nodejs,node,JavaScript,2298
./src/_00/output/Javascript/nodejs~node/tools/node_modules/eslint/node_modules/esquery/parser.js,nodejs,node,JavaScript,2270
./src/_00/output/Javascript/nodejs~node/deps/v8/test/mjsunit/harmony/modules-skip-large1.mjs,nodejs,node,JavaScript,2200
./src/_00/output/Javascript/nodejs~node/deps/v8/tools/clusterfuzz/js_fuzzer/generated/exceptions.js,nodejs,node,JavaScript,2116
./src/_00/output/Javascript/nodejs~node/deps/npm/node_modules/@npmcli/config/lib/definitions/definitions.js,nodejs,node,JavaScript,2083
./src/_00/output/Javascript/nodejs~node/test/fixtures/snapshot/marked.js,nodejs,node,JavaScript,2039
./src/_00/output/Javascript/nodejs~node/deps/v8/test/mjsunit/wasm/wasm-module-builder.js,nodejs,node,JavaScript,2034
./src/_00/output/Javascript/nodejs~node/lib/internal/util/inspect.js,nodejs,node,JavaScript,2024
./src/_00/output/Javascript/nodejs~node/lib/fs.js,nodejs,node,JavaScript,2011
./src/_00/output/Javascript/nodejs~node/tools/node_modules/eslint/node_modules/@babel/types/lib/builders/generated/index.js,nodejs,node,JavaScript,1988
./src/_00/output/Javascript/nodejs~node/deps/v8/test/mjsunit/es6/super.js,nodejs,node,JavaScript,1973
./src/_00/output/Javascript/nodejs~node/lib/net.js,nodejs,node,JavaScript,1849
./src/_00/output/Javascript/nodejs~node/deps/v8/test/mjsunit/compiler/inline-exception-1.js,nodejs,node,JavaScript,1826
./src/_00/output/Javascript/nodejs~node/tools/node_modules/eslint/node_modules/@babel/types/lib/definitions/core.js,nodejs,node,JavaScript,1686
./src/_00/output/Javascript/nodejs~node/deps/v8/test/mjsunit/compiler/inline-exception-2.js,nodejs,node,JavaScript,1650
./src/_00/output/Javascript/nodejs~node/deps/v8/test/mjsunit/harmony/regress/regress-6100.js,nodejs,node,JavaScript,1598
./src/_00/output/Javascript/nodejs~node/tools/node_modules/eslint/node_modules/@eslint-community/eslint-utils/index.js,nodejs,node,JavaScript,1550
./src/_00/output/Javascript/nodejs~node/tools/node_modules/eslint/node_modules/@babel/types/lib/builders/generated/uppercase.js,nodejs,node,JavaScript,1529
./src/_00/output/Javascript/nodejs~node/lib/internal/errors.js,nodejs,node,JavaScript,1521
./src/_00/output/Javascript/nodejs~node/tools/node_modules/eslint/node_modules/@eslint-community/eslint-utils/index.mjs,nodejs,node,JavaScript,1511
./src/_00/output/Javascript/nodejs~node/lib/repl.js,nodejs,node,JavaScript,1504
./src/_00/output/Javascript/nodejs~node/deps/v8/test/mjsunit/regress/regress-1200351.js,nodejs,node,JavaScript,1502
./src/_00/output/Javascript/nodejs~node/deps/minimatch/index.js,nodejs,node,JavaScript,1483
./src/_00/output/Javascript/nodejs~node/deps/v8/test/mjsunit/harmony/async-generators-basic.js,nodejs,node,JavaScript,1478
./src/_00/output/Javascript/nodejs~node/deps/v8/test/mjsunit/object-literal.js,nodejs,node,JavaScript,1456
./src/_00/output/Javascript/nodejs~node/test/parallel/test-whatwg-readablestream.js,nodejs,node,JavaScript,1438
./src/_00/output/Javascript/nodejs~node/deps/v8/test/mjsunit/typedarray-resizablearraybuffer-detach.js,nodejs,node,JavaScript,1437
./src/_00/output/Javascript/nodejs~node/test/parallel/test-stream-pipeline.js,nodejs,node,JavaScript,1436
./src/_00/output/Javascript/nodejs~node/deps/v8/test/mjsunit/regress/asm/regress-618608.js,nodejs,node,JavaScript,1419
./src/_00/output/Javascript/nodejs~node/deps/npm/node_modules/path-scurry/dist/commonjs/index.js,nodejs,node,JavaScript,1398
./src/_00/output/Javascript/nodejs~node/deps/npm/node_modules/path-scurry/dist/esm/index.js,nodejs,node,JavaScript,1363
./src/_00/output/Javascript/nodejs~node/tools/node_modules/eslint/node_modules/@babel/helpers/lib/helpers.js,nodejs,node,JavaScript,1355
./src/_00/output/Javascript/nodejs~node/deps/v8/tools/profview/profview.js,nodejs,node,JavaScript,1354
./src/_00/output/Javascript/nodejs~node/tools/node_modules/eslint/lib/linter/linter.js,nodejs,node,JavaScript,1349
./src/_00/output/Javascript/nodejs~node/tools/node_modules/eslint/node_modules/json5/dist/index.js,nodejs,node,JavaScript,1342
./src/_00/output/Javascript/nodejs~node/tools/node_modules/eslint/node_modules/eslint-plugin-jsdoc/src/iterateJsdoc.js,nodejs,node,JavaScript,1327
./src/_00/output/Javascript/nodejs~node/deps/v8/test/mjsunit/harmony/iterator-helpers.js,nodejs,node,JavaScript,1321
./src/_00/output/Javascript/nodejs~node/lib/_tls_wrap.js,nodejs,node,JavaScript,1305
./src/_00/output/Javascript/nodejs~node/deps/npm/node_modules/diff/dist/diff.js,nodejs,node,JavaScript,1300
./src/_00/output/Javascript/nodejs~node/test/parallel/test-assert.js,nodejs,node,JavaScript,1291
./src/_00/output/Javascript/nodejs~node/tools/node_modules/eslint/node_modules/js-yaml/lib/loader.js,nodejs,node,JavaScript,1286
./src/_00/output/Javascript/nodejs~node/deps/v8/test/mjsunit/sealed-array-reduce.js,nodejs,node,JavaScript,1279
./src/_00/output/Javascript/nodejs~node/lib/internal/streams/readable.js,nodejs,node,JavaScript,1274
./src/_00/output/Javascript/nodejs~node/deps/npm/node_modules/diff/lib/index.mjs,nodejs,node,JavaScript,1272
./src/_00/output/Javascript/nodejs~node/deps/v8/test/mjsunit/frozen-array-reduce.js,nodejs,node,JavaScript,1272
./src/_00/output/Javascript/nodejs~node/deps/v8/test/mjsunit/non-extensible-array-reduce.js,nodejs,node,JavaScript,1272
./src/_00/output/Javascript/nodejs~node/test/fixtures/wpt/streams/writable-streams/aborting.any.js,nodejs,node,JavaScript,1270
./src/_00/output/Javascript/nodejs~node/deps/npm/node_modules/@sigstore/protobuf-specs/dist/__generated__/google/protobuf/descriptor.js,nodejs,node,JavaScript,1269
./src/_00/output/Javascript/nodejs~node/deps/cjs-module-lexer/lexer.js,nodejs,node,JavaScript,1268
./src/_00/output/Javascript/nodejs~node/deps/v8/test/mjsunit/fixed-context-shapes-when-recompiling.js,nodejs,node,JavaScript,1234
./src/_00/output/Javascript/nodejs~node/tools/node_modules/eslint/node_modules/@babel/helper-compilation-targets/node_modules/semver/semver.js,nodejs,node,JavaScript,1232
./src/_00/output/Javascript/nodejs~node/tools/node_modules/eslint/node_modules/@babel/types/lib/asserts/generated/index.js,nodejs,node,JavaScript,1232
./src/_00/output/Javascript/nodejs~node/deps/v8/test/mjsunit/handle-count-runtime-literals.js,nodejs,node,JavaScript,1222
./src/_00/output/Javascript/nodejs~node/lib/internal/url.js,nodejs,node,JavaScript,1218
./src/_00/output/Javascript/nodejs~node/deps/v8/test/mjsunit/regress/wasm/regress-810973b.js,nodejs,node,JavaScript,1205
./src/_00/output/Javascript/nodejs~node/deps/v8/test/mjsunit/wasm/stringrefs-exec.js,nodejs,node,JavaScript,1195
./src/_00/output/Javascript/nodejs~node/deps/v8/test/mjsunit/array-reduce.js,nodejs,node,JavaScript,1193
./src/_00/output/Javascript/nodejs~node/deps/v8/test/mjsunit/code-coverage-block.js,nodejs,node,JavaScript,1183
./src/_00/output/Javascript/nodejs~node/deps/v8/test/mjsunit/es6/collections.js,nodejs,node,JavaScript,1175
./src/_00/output/Javascript/nodejs~node/test/fixtures/postject-copy/node_modules/commander/lib/command.js,nodejs,node,JavaScript,1163
./src/_00/output/Javascript/nodejs~node/deps/v8/test/mjsunit/es6/proxies.js,nodejs,node,JavaScript,1153
./src/_00/output/Javascript/nodejs~node/deps/npm/node_modules/lru-cache/dist/commonjs/index.js,nodejs,node,JavaScript,1152
./src/_00/output/Javascript/nodejs~node/deps/v8/test/mjsunit/numops-fuzz-part2.js,nodejs,node,JavaScript,1151
./src/_00/output/Javascript/nodejs~node/deps/v8/test/mjsunit/numops-fuzz-part3.js,nodejs,node,JavaScript,1151
./src/_00/output/Javascript/nodejs~node/deps/v8/test/mjsunit/numops-fuzz-part4.js,nodejs,node,JavaScript,1150
./src/_00/output/Javascript/nodejs~node/deps/npm/node_modules/lru-cache/dist/esm/index.js,nodejs,node,JavaScript,1148
./src/_00/output/Javascript/nodejs~node/test/fixtures/wpt/wasm/jsapi/wasm-module-builder.js,nodejs,node,JavaScript,1146
./src/_00/output/Javascript/nodejs~node/deps/v8/test/mjsunit/numops-fuzz-part1.js,nodejs,node,JavaScript,1145
./src/_00/output/Javascript/nodejs~node/test/parallel/test-readline-interface.js,nodejs,node,JavaScript,1142
./src/_00/output/Javascript/nodejs~node/lib/internal/webstreams/writablestream.js,nodejs,node,JavaScript,1138
./src/_00/output/Javascript/nodejs~node/deps/v8/test/mjsunit/harmony/for-await-of.js,nodejs,node,JavaScript,1129
./src/_00/output/Javascript/nodejs~node/lib/internal/modules/cjs/loader.js,nodejs,node,JavaScript,1123
./src/_00/output/Javascript/nodejs~node/tools/node_modules/eslint/node_modules/browserslist/index.js,nodejs,node,JavaScript,1120
./src/_00/output/Javascript/nodejs~node/deps/undici/src/lib/web/fetch/index.js,nodejs,node,JavaScript,1114
./src/_00/output/Javascript/nodejs~node/deps/v8/test/mjsunit/harmony/modules-import-large.mjs,nodejs,node,JavaScript,1110
./src/_00/output/Javascript/nodejs~node/deps/v8/test/mjsunit/harmony/modules-skip-large2.mjs,nodejs,node,JavaScript,1100
./src/_00/output/Javascript/nodejs~node/tools/node_modules/eslint/node_modules/json5/dist/index.mjs,nodejs,node,JavaScript,1100
./src/_00/output/Javascript/nodejs~node/lib/internal/fs/promises.js,nodejs,node,JavaScript,1098
./src/_00/output/Javascript/nodejs~node/tools/node_modules/eslint/lib/rules/indent.js,nodejs,node,JavaScript,1085
./src/_00/output/Javascript/nodejs~node/deps/v8/test/debugger/debug/debug-scopes.js,nodejs,node,JavaScript,1083
./src/_00/output/Javascript/nodejs~node/lib/internal/readline/interface.js,nodejs,node,JavaScript,1082
./src/_00/output/Javascript/nodejs~node/deps/v8/test/mjsunit/wasm/asm-wasm.js,nodejs,node,JavaScript,1075
./src/_00/output/Javascript/nodejs~node/tools/node_modules/eslint/lib/rules/utils/ast-utils.js,nodejs,node,JavaScript,1069
./src/_00/output/Javascript/nodejs~node/test/parallel/test-assert-deep.js,nodejs,node,JavaScript,1060
./src/_00/output/Javascript/nodejs~node/deps/npm/node_modules/jsbn/index.js,nodejs,node,JavaScript,1057
./src/_00/output/Javascript/nodejs~node/tools/node_modules/eslint/node_modules/eslint-plugin-jsdoc/src/jsdocUtils.js,nodejs,node,JavaScript,1054
./src/_00/output/Javascript/nodejs~node/lib/buffer.js,nodejs,node,JavaScript,1053
./src/_00/output/Javascript/nodejs~node/tools/node_modules/eslint/node_modules/uri-js/dist/es5/uri.all.js,nodejs,node,JavaScript,1052
./src/_00/output/Javascript/nodejs~node/lib/path.js,nodejs,node,JavaScript,1050
./src/_00/output/Javascript/nodejs~node/deps/v8/test/mjsunit/es6/iterator-close.js,nodejs,node,JavaScript,1045
./src/_00/output/Javascript/nodejs~node/deps/npm/node_modules/@npmcli/arborist/lib/arborist/reify.js,nodejs,node,JavaScript,1040
./src/_00/output/Javascript/nodejs~node/tools/node_modules/eslint/node_modules/@stylistic/eslint-plugin-js/dist/indent.js,nodejs,node,JavaScript,1040
./src/_00/output/Javascript/nodejs~node/deps/v8/test/mjsunit/object-freeze.js,nodejs,node,JavaScript,1030
./src/_00/output/Javascript/nodejs~node/tools/node_modules/eslint/node_modules/@babel/core/lib/vendor/import-meta-resolve.js,nodejs,node,JavaScript,1030
./src/_00/output/Javascript/nodejs~node/lib/internal/debugger/inspect_repl.js,nodejs,node,JavaScript,1029
./src/_00/output/Javascript/nodejs~node/deps/undici/src/lib/dispatcher/client-h1.js,nodejs,node,JavaScript,1015
./src/_00/output/Javascript/nodejs~node/deps/npm/node_modules/@npmcli/arborist/lib/node.js,nodejs,node,JavaScript,1012
./src/_00/output/Javascript/nodejs~node/deps/v8/test/mjsunit/es6/destructuring.js,nodejs,node,JavaScript,1005
./src/_00/output/Javascript/nodejs~node/deps/v8/test/mjsunit/typedarray-resizablearraybuffer-array-methods.js,nodejs,node,JavaScript,996
./src/_00/output/Javascript/nodejs~node/deps/npm/node_modules/@npmcli/arborist/lib/arborist/build-ideal-tree.js,nodejs,node,JavaScript,995
./src/_00/output/Javascript/nodejs~node/lib/internal/test_runner/test.js,nodejs,node,JavaScript,994
./src/_00/output/Javascript/nodejs~node/deps/v8/test/mjsunit/object-seal.js,nodejs,node,JavaScript,993
./src/_00/output/Javascript/nodejs~node/deps/v8/tools/profile.mjs,nodejs,node,JavaScript,979
./src/_00/output/Javascript/nodejs~node/deps/npm/node_modules/postcss-selector-parser/dist/parser.js,nodejs,node,JavaScript,969
./src/_00/output/Javascript/nodejs~node/deps/v8/test/mjsunit/wasm/exceptions.js,nodejs,node,JavaScript,966
./src/_00/output/Javascript/nodejs~node/deps/v8/test/mjsunit/wasm/imported-strings.js,nodejs,node,JavaScript,964
./src/_00/output/Javascript/nodejs~node/test/parallel/test-url-parse-format.js,nodejs,node,JavaScript,956
./src/_00/output/Javascript/nodejs~node/lib/_http_outgoing.js,nodejs,node,JavaScript,955
./src/_00/output/Javascript/nodejs~node/lib/internal/crypto/webcrypto.js,nodejs,node,JavaScript,951
./src/_00/output/Javascript/nodejs~node/deps/v8/test/mjsunit/strict-mode.js,nodejs,node,JavaScript,947
./src/_00/output/Javascript/nodejs~node/deps/v8/test/unittests/gay-precision.cc,nodejs,node,C++,100014
./src/_00/output/Javascript/nodejs~node/deps/v8/test/unittests/gay-shortest.cc,nodejs,node,C++,100014
./src/_00/output/Javascript/nodejs~node/deps/v8/test/unittests/gay-fixed.cc,nodejs,node,C++,100012
./src/_00/output/Javascript/nodejs~node/deps/simdjson/simdjson.cpp,nodejs,node,C++,31721
./src/_00/output/Javascript/nodejs~node/deps/simdutf/simdutf.cpp,nodejs,node,C++,28900
./src/_00/output/Javascript/nodejs~node/deps/v8/test/cctest/test-api.cc,nodejs,node,C++,24945
./src/_00/output/Javascript/nodejs~node/deps/v8/src/codegen/code-stub-assembler.cc,nodejs,node,C++,14572
./src/_00/output/Javascript/nodejs~node/deps/ada/ada.cpp,nodejs,node,C++,13917
./src/_00/output/Javascript/nodejs~node/deps/v8/test/cctest/test-assembler-arm64.cc,nodejs,node,C++,12807
./src/_00/output/Javascript/nodejs~node/deps/v8/src/objects/js-temporal-objects.cc,nodejs,node,C++,12230
./src/_00/output/Javascript/nodejs~node/deps/v8/test/unittests/parser/parsing-unittest.cc,nodejs,node,C++,10324
./src/_00/output/Javascript/nodejs~node/deps/v8/src/api/api.cc,nodejs,node,C++,10050
./src/_00/output/Javascript/nodejs~node/deps/v8/src/execution/s390/simulator-s390.cc,nodejs,node,C++,9796
./src/_00/output/Javascript/nodejs~node/deps/v8/test/cctest/test-assembler-mips64.cc,nodejs,node,C++,9363
./src/_00/output/Javascript/nodejs~node/deps/v8/src/maglev/maglev-graph-builder.cc,nodejs,node,C++,8643
./src/_00/output/Javascript/nodejs~node/deps/v8/src/compiler/wasm-compiler.cc,nodejs,node,C++,7702
./src/_00/output/Javascript/nodejs~node/deps/v8/src/execution/riscv/simulator-riscv.cc,nodejs,node,C++,7517
./src/_00/output/Javascript/nodejs~node/deps/v8/src/wasm/baseline/liftoff-compiler.cc,nodejs,node,C++,7131
./src/_00/output/Javascript/nodejs~node/deps/v8/src/compiler/backend/x64/code-generator-x64.cc,nodejs,node,C++,7066
./src/_00/output/Javascript/nodejs~node/deps/v8/src/execution/mips64/simulator-mips64.cc,nodejs,node,C++,7010
./src/_00/output/Javascript/nodejs~node/deps/v8/src/compiler/js-call-reducer.cc,nodejs,node,C++,6739
./src/_00/output/Javascript/nodejs~node/deps/v8/src/compiler/effect-control-linearizer.cc,nodejs,node,C++,6722
./src/_00/output/Javascript/nodejs~node/deps/v8/test/cctest/compiler/test-run-machops.cc,nodejs,node,C++,6714
./src/_00/output/Javascript/nodejs~node/deps/v8/src/compiler/backend/arm64/instruction-selector-arm64.cc,nodejs,node,C++,6655
./src/_00/output/Javascript/nodejs~node/deps/v8/src/wasm/turboshaft-graph-interface.cc,nodejs,node,C++,6263
./src/_00/output/Javascript/nodejs~node/deps/v8/src/compiler/backend/x64/instruction-selector-x64.cc,nodejs,node,C++,6166
./src/_00/output/Javascript/nodejs~node/deps/v8/src/interpreter/bytecode-generator.cc,nodejs,node,C++,6073
./src/_00/output/Javascript/nodejs~node/deps/v8/test/cctest/heap/test-heap.cc,nodejs,node,C++,5997
./src/_00/output/Javascript/nodejs~node/deps/v8/src/heap/heap.cc,nodejs,node,C++,5958
./src/_00/output/Javascript/nodejs~node/deps/v8/src/codegen/riscv/macro-assembler-riscv.cc,nodejs,node,C++,5902
./src/_00/output/Javascript/nodejs~node/deps/v8/src/execution/arm64/simulator-arm64.cc,nodejs,node,C++,5717
./src/_00/output/Javascript/nodejs~node/deps/v8/src/maglev/maglev-ir.cc,nodejs,node,C++,5673
./src/_00/output/Javascript/nodejs~node/deps/v8/src/init/bootstrapper.cc,nodejs,node,C++,5586
./src/_00/output/Javascript/nodejs~node/deps/v8/src/execution/arm/simulator-arm.cc,nodejs,node,C++,5580
./src/_00/output/Javascript/nodejs~node/deps/v8/src/codegen/mips64/macro-assembler-mips64.cc,nodejs,node,C++,5446
./src/_00/output/Javascript/nodejs~node/deps/v8/test/unittests/compiler/arm64/turboshaft-instruction-selector-arm64-unittest.cc,nodejs,node,C++,5408
./src/_00/output/Javascript/nodejs~node/deps/v8/test/unittests/compiler/arm64/instruction-selector-arm64-unittest.cc,nodejs,node,C++,5350
./src/_00/output/Javascript/nodejs~node/deps/v8/src/codegen/s390/macro-assembler-s390.cc,nodejs,node,C++,5289
./src/_00/output/Javascript/nodejs~node/deps/v8/src/execution/ppc/simulator-ppc.cc,nodejs,node,C++,5287
./src/_00/output/Javascript/nodejs~node/deps/v8/test/cctest/test-serialize.cc,nodejs,node,C++,5277
./src/_00/output/Javascript/nodejs~node/deps/v8/src/objects/objects.cc,nodejs,node,C++,5245
./src/_00/output/Javascript/nodejs~node/deps/v8/src/execution/isolate.cc,nodejs,node,C++,5116
./src/_00/output/Javascript/nodejs~node/deps/v8/src/d8/d8.cc,nodejs,node,C++,5111
./src/_00/output/Javascript/nodejs~node/deps/v8/src/compiler/backend/instruction-selector.cc,nodejs,node,C++,5097
./src/_00/output/Javascript/nodejs~node/deps/v8/src/execution/loong64/simulator-loong64.cc,nodejs,node,C++,5083
./src/_00/output/Javascript/nodejs~node/deps/v8/test/cctest/test-api-interceptors.cc,nodejs,node,C++,4974
./src/_00/output/Javascript/nodejs~node/deps/v8/src/codegen/ppc/macro-assembler-ppc.cc,nodejs,node,C++,4952
./src/_00/output/Javascript/nodejs~node/deps/v8/src/torque/implementation-visitor.cc,nodejs,node,C++,4784
./src/_00/output/Javascript/nodejs~node/deps/icu-small/source/i18n/decNumber.cpp,nodejs,node,C++,4783
./src/_00/output/Javascript/nodejs~node/deps/v8/src/compiler/simplified-lowering.cc,nodejs,node,C++,4723
./src/_00/output/Javascript/nodejs~node/deps/v8/src/compiler/backend/riscv/code-generator-riscv.cc,nodejs,node,C++,4713
./src/_00/output/Javascript/nodejs~node/deps/v8/src/objects/js-objects.cc,nodejs,node,C++,4691
./src/_00/output/Javascript/nodejs~node/deps/v8/test/cctest/test-debug.cc,nodejs,node,C++,4642
./src/_00/output/Javascript/nodejs~node/deps/v8/src/objects/elements.cc,nodejs,node,C++,4623
./src/_00/output/Javascript/nodejs~node/deps/v8/test/unittests/wasm/function-body-decoder-unittest.cc,nodejs,node,C++,4526
./src/_00/output/Javascript/nodejs~node/deps/v8/src/compiler/backend/mips64/code-generator-mips64.cc,nodejs,node,C++,4417
./src/_00/output/Javascript/nodejs~node/deps/v8/src/heap/mark-compact.cc,nodejs,node,C++,4389
./src/_00/output/Javascript/nodejs~node/deps/v8/test/unittests/assembler/disasm-arm64-unittest.cc,nodejs,node,C++,4361
./src/_00/output/Javascript/nodejs~node/deps/v8/test/cctest/wasm/test-run-wasm-simd.cc,nodejs,node,C++,4330
./src/_00/output/Javascript/nodejs~node/deps/v8/test/unittests/interpreter/interpreter-unittest.cc,nodejs,node,C++,4287
./src/_00/output/Javascript/nodejs~node/deps/v8/src/compiler/backend/arm/instruction-selector-arm.cc,nodejs,node,C++,4254
./src/_00/output/Javascript/nodejs~node/deps/v8/src/ic/accessor-assembler.cc,nodejs,node,C++,4238
./src/_00/output/Javascript/nodejs~node/deps/v8/src/diagnostics/arm64/disasm-arm64.cc,nodejs,node,C++,4208
./src/_00/output/Javascript/nodejs~node/deps/v8/src/compiler/backend/ia32/code-generator-ia32.cc,nodejs,node,C++,4179
./src/_00/output/Javascript/nodejs~node/deps/v8/src/codegen/loong64/macro-assembler-loong64.cc,nodejs,node,C++,4155
./src/_00/output/Javascript/nodejs~node/deps/googletest/src/gtest.cc,nodejs,node,C++,4150
./src/_00/output/Javascript/nodejs~node/deps/v8/src/compiler/backend/register-allocator.cc,nodejs,node,C++,4127
./src/_00/output/Javascript/nodejs~node/deps/v8/src/compiler/backend/arm/code-generator-arm.cc,nodejs,node,C++,4064
./src/_00/output/Javascript/nodejs~node/deps/v8/src/compiler/backend/mips64/instruction-selector-mips64.cc,nodejs,node,C++,4032
./src/_00/output/Javascript/nodejs~node/deps/v8/src/compiler/backend/loong64/instruction-selector-loong64.cc,nodejs,node,C++,4021
./src/_00/output/Javascript/nodejs~node/deps/icu-small/source/i18n/rematch.cpp,nodejs,node,C++,4020
./src/_00/output/Javascript/nodejs~node/deps/v8/src/codegen/arm/assembler-arm.cc,nodejs,node,C++,4002
./src/_00/output/Javascript/nodejs~node/deps/v8/test/cctest/test-assembler-loong64.cc,nodejs,node,C++,3937
./src/_00/output/Javascript/nodejs~node/deps/v8/src/codegen/x64/assembler-x64.cc,nodejs,node,C++,3921
./src/_00/output/Javascript/nodejs~node/deps/v8/src/compiler/backend/ia32/instruction-selector-ia32.cc,nodejs,node,C++,3878
./src/_00/output/Javascript/nodejs~node/deps/v8/src/compiler/backend/s390/instruction-selector-s390.cc,nodejs,node,C++,3813
./src/_00/output/Javascript/nodejs~node/deps/v8/src/heap/factory.cc,nodejs,node,C++,3765
./src/_00/output/Javascript/nodejs~node/deps/v8/src/codegen/arm64/assembler-arm64.cc,nodejs,node,C++,3752
./src/_00/output/Javascript/nodejs~node/deps/openssl/config/archs/VC-WIN64A/asm/configdata.pm,nodejs,node,Perl,28152
./src/_00/output/Javascript/nodejs~node/deps/openssl/config/archs/VC-WIN64A/asm_avx2/configdata.pm,nodejs,node,Perl,28152
./src/_00/output/Javascript/nodejs~node/deps/openssl/config/archs/linux-x86_64/asm/configdata.pm,nodejs,node,Perl,28071
./src/_00/output/Javascript/nodejs~node/deps/openssl/config/archs/linux-x86_64/asm_avx2/configdata.pm,nodejs,node,Perl,28071
./src/_00/output/Javascript/nodejs~node/deps/openssl/config/archs/BSD-x86_64/asm/configdata.pm,nodejs,node,Perl,28064
./src/_00/output/Javascript/nodejs~node/deps/openssl/config/archs/BSD-x86_64/asm_avx2/configdata.pm,nodejs,node,Perl,28064
./src/_00/output/Javascript/nodejs~node/deps/openssl/config/archs/solaris64-x86_64-gcc/asm/configdata.pm,nodejs,node,Perl,28063
./src/_00/output/Javascript/nodejs~node/deps/openssl/config/archs/solaris64-x86_64-gcc/asm_avx2/configdata.pm,nodejs,node,Perl,28063
./src/_00/output/Javascript/nodejs~node/deps/openssl/config/archs/darwin64-x86_64-cc/asm/configdata.pm,nodejs,node,Perl,28022
./src/_00/output/Javascript/nodejs~node/deps/openssl/config/archs/darwin64-x86_64-cc/asm_avx2/configdata.pm,nodejs,node,Perl,28022
./src/_00/output/Javascript/nodejs~node/deps/openssl/config/archs/VC-WIN32/asm/configdata.pm,nodejs,node,Perl,28013
./src/_00/output/Javascript/nodejs~node/deps/openssl/config/archs/VC-WIN32/asm_avx2/configdata.pm,nodejs,node,Perl,28013
./src/_00/output/Javascript/nodejs~node/deps/openssl/config/archs/linux-armv4/asm/configdata.pm,nodejs,node,Perl,28005
./src/_00/output/Javascript/nodejs~node/deps/openssl/config/archs/linux-armv4/asm_avx2/configdata.pm,nodejs,node,Perl,28005
./src/_00/output/Javascript/nodejs~node/deps/openssl/config/archs/linux-ppc64le/asm/configdata.pm,nodejs,node,Perl,27984
./src/_00/output/Javascript/nodejs~node/deps/openssl/config/archs/linux-ppc64le/asm_avx2/configdata.pm,nodejs,node,Perl,27984
./src/_00/output/Javascript/nodejs~node/deps/openssl/config/archs/aix64-gcc-as/asm/configdata.pm,nodejs,node,Perl,27979
./src/_00/output/Javascript/nodejs~node/deps/openssl/config/archs/aix64-gcc-as/asm_avx2/configdata.pm,nodejs,node,Perl,27979
./src/_00/output/Javascript/nodejs~node/deps/openssl/config/archs/linux-aarch64/asm/configdata.pm,nodejs,node,Perl,27963
./src/_00/output/Javascript/nodejs~node/deps/openssl/config/archs/linux-aarch64/asm_avx2/configdata.pm,nodejs,node,Perl,27963
./src/_00/output/Javascript/nodejs~node/deps/openssl/config/archs/linux64-s390x/asm/configdata.pm,nodejs,node,Perl,27948
./src/_00/output/Javascript/nodejs~node/deps/openssl/config/archs/linux64-s390x/asm_avx2/configdata.pm,nodejs,node,Perl,27948
./src/_00/output/Javascript/nodejs~node/deps/openssl/config/archs/linux32-s390x/asm/configdata.pm,nodejs,node,Perl,27937
./src/_00/output/Javascript/nodejs~node/deps/openssl/config/archs/linux32-s390x/asm_avx2/configdata.pm,nodejs,node,Perl,27937
./src/_00/output/Javascript/nodejs~node/deps/openssl/config/archs/linux-elf/asm/configdata.pm,nodejs,node,Perl,27924
./src/_00/output/Javascript/nodejs~node/deps/openssl/config/archs/linux-elf/asm_avx2/configdata.pm,nodejs,node,Perl,27924
./src/_00/output/Javascript/nodejs~node/deps/openssl/config/archs/BSD-x86/asm/configdata.pm,nodejs,node,Perl,27918
./src/_00/output/Javascript/nodejs~node/deps/openssl/config/archs/BSD-x86/asm_avx2/configdata.pm,nodejs,node,Perl,27918
./src/_00/output/Javascript/nodejs~node/deps/openssl/config/archs/solaris-x86-gcc/asm/configdata.pm,nodejs,node,Perl,27917
./src/_00/output/Javascript/nodejs~node/deps/openssl/config/archs/solaris-x86-gcc/asm_avx2/configdata.pm,nodejs,node,Perl,27917
./src/_00/output/Javascript/nodejs~node/deps/openssl/config/archs/darwin64-arm64-cc/asm/configdata.pm,nodejs,node,Perl,27915
./src/_00/output/Javascript/nodejs~node/deps/openssl/config/archs/darwin64-arm64-cc/asm_avx2/configdata.pm,nodejs,node,Perl,27915
./src/_00/output/Javascript/nodejs~node/deps/openssl/config/archs/darwin-i386-cc/asm/configdata.pm,nodejs,node,Perl,27877
./src/_00/output/Javascript/nodejs~node/deps/openssl/config/archs/darwin-i386-cc/asm_avx2/configdata.pm,nodejs,node,Perl,27877
./src/_00/output/Javascript/nodejs~node/deps/openssl/config/archs/linux64-mips64/asm/configdata.pm,nodejs,node,Perl,27866
./src/_00/output/Javascript/nodejs~node/deps/openssl/config/archs/linux64-mips64/asm_avx2/configdata.pm,nodejs,node,Perl,27866
./src/_00/output/Javascript/nodejs~node/deps/openssl/config/archs/VC-WIN64A/no-asm/configdata.pm,nodejs,node,Perl,27852
./src/_00/output/Javascript/nodejs~node/deps/openssl/config/archs/VC-WIN32/no-asm/configdata.pm,nodejs,node,Perl,27848
./src/_00/output/Javascript/nodejs~node/deps/openssl/config/archs/VC-WIN64-ARM/no-asm/configdata.pm,nodejs,node,Perl,27840
./src/_00/output/Javascript/nodejs~node/deps/openssl/config/archs/linux-x86_64/no-asm/configdata.pm,nodejs,node,Perl,27761
./src/_00/output/Javascript/nodejs~node/deps/openssl/config/archs/linux64-mips64/no-asm/configdata.pm,nodejs,node,Perl,27761
./src/_00/output/Javascript/nodejs~node/deps/openssl/config/archs/linux64-s390x/no-asm/configdata.pm,nodejs,node,Perl,27761
./src/_00/output/Javascript/nodejs~node/deps/openssl/config/archs/linux-aarch64/no-asm/configdata.pm,nodejs,node,Perl,27760
./src/_00/output/Javascript/nodejs~node/deps/openssl/config/archs/linux-armv4/no-asm/configdata.pm,nodejs,node,Perl,27760
./src/_00/output/Javascript/nodejs~node/deps/openssl/config/archs/linux-ppc64le/no-asm/configdata.pm,nodejs,node,Perl,27760
./src/_00/output/Javascript/nodejs~node/deps/openssl/config/archs/linux32-s390x/no-asm/configdata.pm,nodejs,node,Perl,27760
./src/_00/output/Javascript/nodejs~node/deps/openssl/config/archs/linux-elf/no-asm/configdata.pm,nodejs,node,Perl,27759
./src/_00/output/Javascript/nodejs~node/deps/openssl/config/archs/linux64-loongarch64/no-asm/configdata.pm,nodejs,node,Perl,27759
./src/_00/output/Javascript/nodejs~node/deps/openssl/config/archs/linux64-riscv64/no-asm/configdata.pm,nodejs,node,Perl,27759
./src/_00/output/Javascript/nodejs~node/deps/openssl/config/archs/aix64-gcc-as/no-asm/configdata.pm,nodejs,node,Perl,27755
./src/_00/output/Javascript/nodejs~node/deps/openssl/config/archs/BSD-x86_64/no-asm/configdata.pm,nodejs,node,Perl,27754
./src/_00/output/Javascript/nodejs~node/deps/openssl/config/archs/BSD-x86/no-asm/configdata.pm,nodejs,node,Perl,27753
./src/_00/output/Javascript/nodejs~node/deps/openssl/config/archs/solaris64-x86_64-gcc/no-asm/configdata.pm,nodejs,node,Perl,27753
./src/_00/output/Javascript/nodejs~node/deps/openssl/config/archs/solaris-x86-gcc/no-asm/configdata.pm,nodejs,node,Perl,27752
./src/_00/output/Javascript/nodejs~node/deps/cares/src/lib/ares_platform.c,nodejs,node,C,10994
./src/_00/output/Javascript/nodejs~node/deps/llhttp/src/llhttp.c,nodejs,node,C,9911
./src/_00/output/Javascript/nodejs~node/deps/ngtcp2/ngtcp2/lib/ngtcp2_conn.c,nodejs,node,C,9840
./src/_00/output/Javascript/nodejs~node/deps/openssl/openssl/crypto/ec/ecp_nistz256_table.c,nodejs,node,C,9519
./src/_00/output/Javascript/nodejs~node/deps/openssl/openssl/test/sslapitest.c,nodejs,node,C,8186
./src/_00/output/Javascript/nodejs~node/deps/nghttp2/lib/nghttp2_session.c,nodejs,node,C,6151
./src/_00/output/Javascript/nodejs~node/deps/brotli/c/common/dictionary.c,nodejs,node,C,5895
./src/_00/output/Javascript/nodejs~node/deps/openssl/openssl/crypto/ec/curve25519.c,nodejs,node,C,4884
./src/_00/output/Javascript/nodejs~node/deps/nghttp2/lib/nghttp2_hd_huffman_data.c,nodejs,node,C,4695
./src/_00/output/Javascript/nodejs~node/deps/ngtcp2/nghttp3/lib/nghttp3_qpack_huffman_data.c,nodejs,node,C,4695
./src/_00/output/Javascript/nodejs~node/deps/openssl/openssl/ssl/ssl_lib.c,nodejs,node,C,4579
./src/_00/output/Javascript/nodejs~node/deps/openssl/openssl/ssl/s3_lib.c,nodejs,node,C,4557
./src/_00/output/Javascript/nodejs~node/deps/openssl/openssl/test/evp_extra_test.c,nodejs,node,C,4461
./src/_00/output/Javascript/nodejs~node/tools/cpplint.py,nodejs,node,Python,3263
./src/_00/output/Javascript/nodejs~node/deps/v8/tools/grokdump.py,nodejs,node,Python,3085
./src/_00/output/Javascript/nodejs~node/deps/npm/node_modules/node-gyp/gyp/pylib/gyp/generator/msvs.py,nodejs,node,Python,2791
./src/_00/output/Javascript/nodejs~node/tools/gyp/pylib/gyp/generator/msvs.py,nodejs,node,Python,2790
./src/_00/output/Javascript/nodejs~node/tools/v8_gypfiles/v8.gyp,nodejs,node,Python,2454
./src/_00/output/Javascript/nodejs~node/tools/gyp/pylib/gyp/generator/ninja.py,nodejs,node,Python,2287
./src/_00/output/Javascript/nodejs~node/deps/npm/node_modules/node-gyp/gyp/pylib/gyp/generator/ninja.py,nodejs,node,Python,2268
./src/_00/output/Javascript/nodejs~node/tools/gyp/pylib/gyp/input.py,nodejs,node,Python,1884
./src/_00/output/Javascript/nodejs~node/deps/npm/node_modules/node-gyp/gyp/pylib/gyp/input.py,nodejs,node,Python,1882
./src/_00/output/Javascript/nodejs~node/configure.py,nodejs,node,Python,1730
./src/_00/output/Javascript/nodejs~node/tools/gyp/pylib/gyp/xcodeproj_file.py,nodejs,node,Python,1728
./src/_00/output/Javascript/nodejs~node/deps/v8/third_party/ittapi/ittapi-rs/src/ittnotify_bindings.rs,nodejs,node,Rust,2985
./src/_00/output/Javascript/nodejs~node/deps/v8/tools/turbolizer/src/views/range-view.ts,nodejs,node,TypeScript,1704
