Unnamed: 0|path|owner|project|file|language|code|comment|blank
0|./src/_00/output/C++/facebookresearch~faiss/faiss/utils/distances_simd.cpp|facebookresearch|faiss|distances_simd.cpp|C++|1744|214|334
1|./src/_00/output/C++/facebookresearch~faiss/faiss/cppcontrib/sa_decode/Level2-neon-inl.h|facebookresearch|faiss|Level2-neon-inl.h|C/C++ Header|1701|249|211
2|./src/_00/output/C++/facebookresearch~faiss/faiss/impl/ScalarQuantizer.cpp|facebookresearch|faiss|ScalarQuantizer.cpp|C++|1536|103|294
3|./src/_00/output/C++/facebookresearch~faiss/faiss/cppcontrib/sa_decode/Level2-avx2-inl.h|facebookresearch|faiss|Level2-avx2-inl.h|C/C++ Header|1382|366|324
4|./src/_00/output/C++/facebookresearch~faiss/benchs/bench_cppcontrib_sa_decode.cpp|facebookresearch|faiss|bench_cppcontrib_sa_decode.cpp|C++|1333|173|196
5|./src/_00/output/C++/facebookresearch~faiss/faiss/IndexIVFFastScan.cpp|facebookresearch|faiss|IndexIVFFastScan.cpp|C++|1138|65|189
6|./src/_00/output/C++/facebookresearch~faiss/faiss/impl/index_read.cpp|facebookresearch|faiss|index_read.cpp|C++|1131|32|88
7|./src/_00/output/C++/facebookresearch~faiss/faiss/VectorTransform.cpp|facebookresearch|faiss|VectorTransform.cpp|C++|1127|78|160
8|./src/_00/output/C++/facebookresearch~faiss/faiss/IndexIVF.cpp|facebookresearch|faiss|IndexIVF.cpp|C++|1121|71|195
9|./src/_00/output/C++/facebookresearch~faiss/faiss/cppcontrib/sa_decode/PQ-neon-inl.h|facebookresearch|faiss|PQ-neon-inl.h|C/C++ Header|1081|193|186
10|./src/_00/output/C++/facebookresearch~faiss/faiss/utils/partitioning.cpp|facebookresearch|faiss|partitioning.cpp|C++|1059|77|190
11|./src/_00/output/C++/facebookresearch~faiss/faiss/utils/simdlib_neon.h|facebookresearch|faiss|simdlib_neon.h|C/C++ Header|1057|117|186
12|./src/_00/output/C++/facebookresearch~faiss/faiss/cppcontrib/sa_decode/PQ-avx2-inl.h|facebookresearch|faiss|PQ-avx2-inl.h|C/C++ Header|1036|297|292
13|./src/_00/output/C++/facebookresearch~faiss/faiss/IndexIVFPQ.cpp|facebookresearch|faiss|IndexIVFPQ.cpp|C++|1016|192|185
14|./src/_00/output/C++/facebookresearch~faiss/tests/test_cppcontrib_sa_decode.cpp|facebookresearch|faiss|test_cppcontrib_sa_decode.cpp|C++|975|145|186
15|./src/_00/output/C++/facebookresearch~faiss/benchs/bench_fw/index.py|facebookresearch|faiss|index.py|Python|932|63|96
16|./src/_00/output/C++/facebookresearch~faiss/faiss/impl/index_write.cpp|facebookresearch|faiss|index_write.cpp|C++|907|45|66
17|./src/_00/output/C++/facebookresearch~faiss/faiss/gpu/utils/Tensor-inl.cuh|facebookresearch|faiss|Tensor-inl.cuh|CUDA|867|52|133
18|./src/_00/output/C++/facebookresearch~faiss/faiss/impl/HNSW.cpp|facebookresearch|faiss|HNSW.cpp|C++|855|115|177
19|./src/_00/output/C++/facebookresearch~faiss/faiss/IndexPQ.cpp|facebookresearch|faiss|IndexPQ.cpp|C++|846|102|167
20|./src/_00/output/C++/facebookresearch~faiss/faiss/utils/distances.cpp|facebookresearch|faiss|distances.cpp|C++|833|102|114
21|./src/_00/output/C++/facebookresearch~faiss/tests/test_residual_quantizer.py|facebookresearch|faiss|test_residual_quantizer.py|Python|831|127|314
22|./src/_00/output/C++/facebookresearch~faiss/faiss/utils/simdlib_ppc64.h|facebookresearch|faiss|simdlib_ppc64.h|C/C++ Header|813|126|145
23|./src/_00/output/C++/facebookresearch~faiss/demos/offline_ivf/offline_ivf.py|facebookresearch|faiss|offline_ivf.py|Python|805|14|71
24|./src/_00/output/C++/facebookresearch~faiss/faiss/utils/simdlib_emulated.h|facebookresearch|faiss|simdlib_emulated.h|C/C++ Header|799|106|140
25|./src/_00/output/C++/facebookresearch~faiss/faiss/impl/PolysemousTraining.cpp|facebookresearch|faiss|PolysemousTraining.cpp|C++|761|76|134
26|./src/_00/output/C++/facebookresearch~faiss/faiss/index_factory.cpp|facebookresearch|faiss|index_factory.cpp|C++|752|77|101
27|./src/_00/output/C++/facebookresearch~faiss/faiss/impl/residual_quantizer_encode_steps.cpp|facebookresearch|faiss|residual_quantizer_encode_steps.cpp|C++|742|94|124
28|./src/_00/output/C++/facebookresearch~faiss/faiss/IndexBinaryIVF.cpp|facebookresearch|faiss|IndexBinaryIVF.cpp|C++|739|27|138
29|./src/_00/output/C++/facebookresearch~faiss/faiss/impl/ProductQuantizer.cpp|facebookresearch|faiss|ProductQuantizer.cpp|C++|699|69|111
30|./src/_00/output/C++/facebookresearch~faiss/faiss/gpu/test/TestGpuIndexIVFPQ.cpp|facebookresearch|faiss|TestGpuIndexIVFPQ.cpp|C++|689|56|142
31|./src/_00/output/C++/facebookresearch~faiss/faiss/utils/sorting.cpp|facebookresearch|faiss|sorting.cpp|C++|679|60|88
32|./src/_00/output/C++/facebookresearch~faiss/tests/test_index_composite.py|facebookresearch|faiss|test_index_composite.py|Python|677|61|238
33|./src/_00/output/C++/facebookresearch~faiss/faiss/gpu/test/TestGpuIndexIVFFlat.cpp|facebookresearch|faiss|TestGpuIndexIVFFlat.cpp|C++|673|69|175
34|./src/_00/output/C++/facebookresearch~faiss/faiss/IndexHNSW.cpp|facebookresearch|faiss|IndexHNSW.cpp|C++|665|46|156
35|./src/_00/output/C++/facebookresearch~faiss/faiss/utils/hamming.cpp|facebookresearch|faiss|hamming.cpp|C++|651|50|65
36|./src/_00/output/C++/facebookresearch~faiss/benchs/bench_fw/benchmark.py|facebookresearch|faiss|benchmark.py|Python|648|39|58
37|./src/_00/output/C++/facebookresearch~faiss/faiss/invlists/InvertedLists.cpp|facebookresearch|faiss|InvertedLists.cpp|C++|645|34|115
38|./src/_00/output/C++/facebookresearch~faiss/faiss/python/class_wrappers.py|facebookresearch|faiss|class_wrappers.py|Python|641|394|214
39|./src/_00/output/C++/facebookresearch~faiss/tests/test_fast_scan_ivf.py|facebookresearch|faiss|test_fast_scan_ivf.py|Python|640|58|218
40|./src/_00/output/C++/facebookresearch~faiss/faiss/invlists/OnDiskInvertedLists.cpp|facebookresearch|faiss|OnDiskInvertedLists.cpp|C++|633|56|118
41|./src/_00/output/C++/facebookresearch~faiss/faiss/AutoTune.cpp|facebookresearch|faiss|AutoTune.cpp|C++|631|38|78
42|./src/_00/output/C++/facebookresearch~faiss/faiss/impl/simd_result_handlers.h|facebookresearch|faiss|simd_result_handlers.h|C/C++ Header|616|60|111
43|./src/_00/output/C++/facebookresearch~faiss/faiss/impl/LocalSearchQuantizer.cpp|facebookresearch|faiss|LocalSearchQuantizer.cpp|C++|613|103|130
44|./src/_00/output/C++/facebookresearch~faiss/faiss/impl/pq4_fast_scan_search_qbs.cpp|facebookresearch|faiss|pq4_fast_scan_search_qbs.cpp|C++|585|92|126
45|./src/_00/output/C++/facebookresearch~faiss/faiss/gpu/impl/PQScanMultiPassNoPrecomputed-inl.cuh|facebookresearch|faiss|PQScanMultiPassNoPrecomputed-inl.cuh|CUDA|579|65|99
46|./src/_00/output/C++/facebookresearch~faiss/faiss/gpu/impl/GpuScalarQuantizer.cuh|facebookresearch|faiss|GpuScalarQuantizer.cuh|CUDA|573|133|146
47|./src/_00/output/C++/facebookresearch~faiss/faiss/gpu/impl/IVFBase.cu|facebookresearch|faiss|IVFBase.cu|CUDA|571|114|152
48|./src/_00/output/C++/facebookresearch~faiss/faiss/gpu/test/TestGpuIndexFlat.cpp|facebookresearch|faiss|TestGpuIndexFlat.cpp|C++|566|58|146
49|./src/_00/output/C++/facebookresearch~faiss/tests/test_index_accuracy.py|facebookresearch|faiss|test_index_accuracy.py|Python|566|66|153
50|./src/_00/output/C++/facebookresearch~faiss/faiss/impl/lattice_Zn.cpp|facebookresearch|faiss|lattice_Zn.cpp|C++|564|32|69
51|./src/_00/output/C++/facebookresearch~faiss/faiss/utils/simdlib_avx2.h|facebookresearch|faiss|simdlib_avx2.h|C/C++ Header|554|118|131
52|./src/_00/output/C++/facebookresearch~faiss/faiss/gpu/impl/PQScanMultiPassPrecomputed.cu|facebookresearch|faiss|PQScanMultiPassPrecomputed.cu|CUDA|553|72|98
53|./src/_00/output/C++/facebookresearch~faiss/faiss/gpu/impl/IVFPQ.cu|facebookresearch|faiss|IVFPQ.cu|CUDA|549|91|97
54|./src/_00/output/C++/facebookresearch~faiss/tests/test_index.py|facebookresearch|faiss|test_index.py|Python|545|54|205
55|./src/_00/output/C++/facebookresearch~faiss/tests/test_build_blocks.py|facebookresearch|faiss|test_build_blocks.py|Python|539|40|158
56|./src/_00/output/C++/facebookresearch~faiss/faiss/Clustering.cpp|facebookresearch|faiss|Clustering.cpp|C++|531|53|100
57|./src/_00/output/C++/facebookresearch~faiss/faiss/gpu/impl/PQCodeDistances-inl.cuh|facebookresearch|faiss|PQCodeDistances-inl.cuh|CUDA|527|114|93
58|./src/_00/output/C++/facebookresearch~faiss/faiss/utils/utils.cpp|facebookresearch|faiss|utils.cpp|C++|526|27|84
59|./src/_00/output/C++/facebookresearch~faiss/faiss/gpu/impl/Distance.cu|facebookresearch|faiss|Distance.cu|CUDA|510|69|65
60|./src/_00/output/C++/facebookresearch~faiss/tests/test_contrib.py|facebookresearch|faiss|test_contrib.py|Python|509|65|159
61|./src/_00/output/C++/facebookresearch~faiss/faiss/impl/NSG.cpp|facebookresearch|faiss|NSG.cpp|C++|508|25|112
62|./src/_00/output/C++/facebookresearch~faiss/faiss/IndexAdditiveQuantizer.cpp|facebookresearch|faiss|IndexAdditiveQuantizer.cpp|C++|504|49|81
63|./src/_00/output/C++/facebookresearch~faiss/faiss/gpu/StandardGpuResources.cpp|facebookresearch|faiss|StandardGpuResources.cpp|C++|494|98|140
64|./src/_00/output/C++/facebookresearch~faiss/tests/test_fast_scan.py|facebookresearch|faiss|test_fast_scan.py|Python|490|45|178
65|./src/_00/output/C++/facebookresearch~faiss/faiss/gpu/GpuCloner.cpp|facebookresearch|faiss|GpuCloner.cpp|C++|488|31|48
66|./src/_00/output/C++/facebookresearch~faiss/benchs/bench_hybrid_cpu_gpu.py|facebookresearch|faiss|bench_hybrid_cpu_gpu.py|Python|479|45|75
67|./src/_00/output/C++/facebookresearch~faiss/benchs/bench_gpu_1bn.py|facebookresearch|faiss|bench_gpu_1bn.py|Python|473|99|175
68|./src/_00/output/C++/facebookresearch~faiss/faiss/gpu/GpuDistance.cu|facebookresearch|faiss|GpuDistance.cu|CUDA|472|50|43
69|./src/_00/output/C++/facebookresearch~faiss/faiss/impl/AdditiveQuantizer.cpp|facebookresearch|faiss|AdditiveQuantizer.cpp|C++|471|29|67
70|./src/_00/output/C++/facebookresearch~faiss/faiss/gpu/GpuIndexIVFPQ.cu|facebookresearch|faiss|GpuIndexIVFPQ.cu|CUDA|467|54|86
71|./src/_00/output/C++/facebookresearch~faiss/faiss/IndexFastScan.cpp|facebookresearch|faiss|IndexFastScan.cpp|C++|464|20|78
72|./src/_00/output/C++/facebookresearch~faiss/faiss/gpu/impl/IVFAppend.cu|facebookresearch|faiss|IVFAppend.cu|CUDA|463|89|93
73|./src/_00/output/C++/facebookresearch~faiss/tests/test_local_search_quantizer.py|facebookresearch|faiss|test_local_search_quantizer.py|Python|452|49|175
74|./src/_00/output/C++/facebookresearch~faiss/contrib/torch_utils.py|facebookresearch|faiss|torch_utils.py|Python|446|92|119
75|./src/_00/output/C++/facebookresearch~faiss/faiss/gpu/utils/Select.cuh|facebookresearch|faiss|Select.cuh|CUDA|444|102|101
76|./src/_00/output/C++/facebookresearch~faiss/faiss/impl/ResidualQuantizer.cpp|facebookresearch|faiss|ResidualQuantizer.cpp|C++|440|40|68
77|./src/_00/output/C++/facebookresearch~faiss/benchs/bench_all_ivf/bench_all_ivf.py|facebookresearch|faiss|bench_all_ivf.py|Python|434|29|104
78|./src/_00/output/C++/facebookresearch~faiss/benchs/bench_all_ivf/run_on_cluster_generic.bash|facebookresearch|faiss|run_on_cluster_generic.bash|Bourne Again Shell|432|41|130
79|./src/_00/output/C++/facebookresearch~faiss/faiss/gpu/utils/MathOperators.cuh|facebookresearch|faiss|MathOperators.cuh|CUDA|432|34|94
80|./src/_00/output/C++/facebookresearch~faiss/faiss/IVFlib.cpp|facebookresearch|faiss|IVFlib.cpp|C++|426|19|78
81|./src/_00/output/C++/facebookresearch~faiss/faiss/gpu/test/test_gpu_index.py|facebookresearch|faiss|test_gpu_index.py|Python|422|46|138
82|./src/_00/output/C++/facebookresearch~faiss/faiss/IndexFlat.cpp|facebookresearch|faiss|IndexFlat.cpp|C++|421|27|69
83|./src/_00/output/C++/facebookresearch~faiss/faiss/gpu/utils/Tensor.cuh|facebookresearch|faiss|Tensor.cuh|CUDA|412|175|111
84|./src/_00/output/C++/facebookresearch~faiss/faiss/IndexIVFAdditiveQuantizerFastScan.cpp|facebookresearch|faiss|IndexIVFAdditiveQuantizerFastScan.cpp|C++|410|63|90
85|./src/_00/output/C++/facebookresearch~faiss/faiss/gpu/impl/InterleavedCodes.cpp|facebookresearch|faiss|InterleavedCodes.cpp|C++|409|74|76
86|./src/_00/output/C++/facebookresearch~faiss/faiss/IndexIVFFlat.cpp|facebookresearch|faiss|IndexIVFFlat.cpp|C++|407|25|61
87|./src/_00/output/C++/facebookresearch~faiss/contrib/big_batch_search.py|facebookresearch|faiss|big_batch_search.py|Python|400|51|64
88|./src/_00/output/C++/facebookresearch~faiss/faiss/utils/hamming_distance/neon-inl.h|facebookresearch|faiss|neon-inl.h|C/C++ Header|400|25|99
89|./src/_00/output/C++/facebookresearch~faiss/faiss/gpu/impl/RaftIVFPQ.cu|facebookresearch|faiss|RaftIVFPQ.cu|CUDA|388|63|95
90|./src/_00/output/C++/facebookresearch~faiss/faiss/impl/NNDescent.cpp|facebookresearch|faiss|NNDescent.cpp|C++|388|45|64
91|./src/_00/output/C++/facebookresearch~faiss/faiss/gpu/impl/RaftIVFFlat.cu|facebookresearch|faiss|RaftIVFFlat.cu|CUDA|387|69|93
92|./src/_00/output/C++/facebookresearch~faiss/benchs/bench_all_ivf/parse_bench_all_ivf.py|facebookresearch|faiss|parse_bench_all_ivf.py|Python|382|26|94
93|./src/_00/output/C++/facebookresearch~faiss/faiss/IndexBinaryHash.cpp|facebookresearch|faiss|IndexBinaryHash.cpp|C++|381|22|79
94|./src/_00/output/C++/facebookresearch~faiss/faiss/gpu/impl/IVFFlatScan.cu|facebookresearch|faiss|IVFFlatScan.cu|CUDA|380|49|64
95|./src/_00/output/C++/facebookresearch~faiss/faiss/impl/ResultHandler.h|facebookresearch|faiss|ResultHandler.h|C/C++ Header|380|106|99
96|./src/_00/output/C++/facebookresearch~faiss/tests/test_search_params.py|facebookresearch|faiss|test_search_params.py|Python|377|42|88
97|./src/_00/output/C++/facebookresearch~faiss/faiss/cppcontrib/sa_decode/Level2-inl.h|facebookresearch|faiss|Level2-inl.h|C/C++ Header|372|54|41
98|./src/_00/output/C++/facebookresearch~faiss/faiss/utils/Heap.h|facebookresearch|faiss|Heap.h|C/C++ Header|360|113|58
99|./src/_00/output/C++/facebookresearch~faiss/faiss/gpu/GpuIndex.cu|facebookresearch|faiss|GpuIndex.cu|CUDA|353|88|104
100|./src/_00/output/C++/facebookresearch~faiss/faiss/python/extra_wrappers.py|facebookresearch|faiss|extra_wrappers.py|Python|351|208|94
101|./src/_00/output/C++/facebookresearch~faiss/faiss/utils/hamming_distance/avx2-inl.h|facebookresearch|faiss|avx2-inl.h|C/C++ Header|351|31|80
102|./src/_00/output/C++/facebookresearch~faiss/tests/test_lowlevel_ivf.cpp|facebookresearch|faiss|test_lowlevel_ivf.cpp|C++|351|84|116
103|./src/_00/output/C++/facebookresearch~faiss/faiss/utils/hamming_distance/generic-inl.h|facebookresearch|faiss|generic-inl.h|C/C++ Header|348|24|75
104|./src/_00/output/C++/facebookresearch~faiss/faiss/gpu/utils/MergeNetworkWarp.cuh|facebookresearch|faiss|MergeNetworkWarp.cuh|CUDA|346|123|81
105|./src/_00/output/C++/facebookresearch~faiss/faiss/cppcontrib/sa_decode/MinMaxFP16-inl.h|facebookresearch|faiss|MinMaxFP16-inl.h|C/C++ Header|338|82|52
106|./src/_00/output/C++/facebookresearch~faiss/faiss/gpu/GpuIndexIVF.cu|facebookresearch|faiss|GpuIndexIVF.cu|CUDA|336|64|81
107|./src/_00/output/C++/facebookresearch~faiss/faiss/CMakeLists.txt|facebookresearch|faiss|CMakeLists.txt|CMake|334|17|19
108|./src/_00/output/C++/facebookresearch~faiss/faiss/cppcontrib/sa_decode/MinMax-inl.h|facebookresearch|faiss|MinMax-inl.h|C/C++ Header|334|82|51
109|./src/_00/output/C++/facebookresearch~faiss/faiss/impl/code_distance/code_distance-avx2.h|facebookresearch|faiss|code_distance-avx2.h|C/C++ Header|329|109|91
110|./src/_00/output/C++/facebookresearch~faiss/faiss/clone_index.cpp|facebookresearch|faiss|clone_index.cpp|C++|328|19|46
111|./src/_00/output/C++/facebookresearch~faiss/faiss/gpu/impl/Distance.cuh|facebookresearch|faiss|Distance.cuh|CUDA|324|57|21
112|./src/_00/output/C++/facebookresearch~faiss/faiss/gpu/impl/GeneralDistance.cuh|facebookresearch|faiss|GeneralDistance.cuh|CUDA|323|50|81
113|./src/_00/output/C++/facebookresearch~faiss/faiss/gpu/GpuIndexFlat.cu|facebookresearch|faiss|GpuIndexFlat.cu|CUDA|319|43|82
114|./src/_00/output/C++/facebookresearch~faiss/faiss/gpu/test/test_gpu_basics.py|facebookresearch|faiss|test_gpu_basics.py|Python|317|34|111
115|./src/_00/output/C++/facebookresearch~faiss/faiss/gpu/impl/PQCodeLoad.cuh|facebookresearch|faiss|PQCodeLoad.cuh|CUDA|315|38|29
116|./src/_00/output/C++/facebookresearch~faiss/faiss/gpu/utils/MatrixMult-inl.cuh|facebookresearch|faiss|MatrixMult-inl.cuh|CUDA|311|26|47
117|./src/_00/output/C++/facebookresearch~faiss/contrib/evaluation.py|facebookresearch|faiss|evaluation.py|Python|305|90|97
118|./src/_00/output/C++/facebookresearch~faiss/tests/test_graph_based.py|facebookresearch|faiss|test_graph_based.py|Python|303|29|97
119|./src/_00/output/C++/facebookresearch~faiss/faiss/gpu/impl/BroadcastSum.cu|facebookresearch|faiss|BroadcastSum.cu|CUDA|301|15|61
120|./src/_00/output/C++/facebookresearch~faiss/tests/test_index_binary.py|facebookresearch|faiss|test_index_binary.py|Python|301|21|116
121|./src/_00/output/C++/facebookresearch~faiss/faiss/gpu/GpuIndexIVFFlat.cu|facebookresearch|faiss|GpuIndexIVFFlat.cu|CUDA|299|32|51
122|./src/_00/output/C++/facebookresearch~faiss/faiss/gpu/impl/IVFFlat.cu|facebookresearch|faiss|IVFFlat.cu|CUDA|299|49|54
123|./src/_00/output/C++/facebookresearch~faiss/faiss/gpu/test/torch_test_contrib_gpu.py|facebookresearch|faiss|torch_test_contrib_gpu.py|Python|296|73|97
124|./src/_00/output/C++/facebookresearch~faiss/faiss/cppcontrib/detail/UintReader.h|facebookresearch|faiss|UintReader.h|C/C++ Header|293|29|29
125|./src/_00/output/C++/facebookresearch~faiss/faiss/IndexRowwiseMinMax.cpp|facebookresearch|faiss|IndexRowwiseMinMax.cpp|C++|292|62|91
126|./src/_00/output/C++/facebookresearch~faiss/faiss/utils/quantize_lut.cpp|facebookresearch|faiss|quantize_lut.cpp|C++|291|14|32
127|./src/_00/output/C++/facebookresearch~faiss/tests/test_standalone_codec.py|facebookresearch|faiss|test_standalone_codec.py|Python|291|33|106
128|./src/_00/output/C++/facebookresearch~faiss/benchs/bench_fw/optimize.py|facebookresearch|faiss|optimize.py|Python|290|22|22
129|./src/_00/output/C++/facebookresearch~faiss/faiss/IndexIVFAdditiveQuantizer.cpp|facebookresearch|faiss|IndexIVFAdditiveQuantizer.cpp|C++|287|38|60
130|./src/_00/output/C++/facebookresearch~faiss/faiss/impl/ProductAdditiveQuantizer.cpp|facebookresearch|faiss|ProductAdditiveQuantizer.cpp|C++|286|29|61
131|./src/_00/output/C++/facebookresearch~faiss/faiss/gpu/test/TestUtils.cpp|facebookresearch|faiss|TestUtils.cpp|C++|282|24|57
132|./src/_00/output/C++/facebookresearch~faiss/benchs/README.md|facebookresearch|faiss|README.md|Markdown|281|0|80
133|./src/_00/output/C++/facebookresearch~faiss/benchs/bench_fw_notebook.ipynb|facebookresearch|faiss|bench_fw_notebook.ipynb|Jupyter Notebook|278|251|0
134|./src/_00/output/C++/facebookresearch~faiss/cmake/FindMKL.cmake|facebookresearch|faiss|FindMKL.cmake|CMake|273|42|48
135|./src/_00/output/C++/facebookresearch~faiss/contrib/exhaustive_search.py|facebookresearch|faiss|exhaustive_search.py|Python|271|43|48
136|./src/_00/output/C++/facebookresearch~faiss/faiss/IndexIVFSpectralHash.cpp|facebookresearch|faiss|IndexIVFSpectralHash.cpp|C++|271|22|48
137|./src/_00/output/C++/facebookresearch~faiss/faiss/IndexPreTransform.cpp|facebookresearch|faiss|IndexPreTransform.cpp|C++|268|16|53
138|./src/_00/output/C++/facebookresearch~faiss/CHANGELOG.md|facebookresearch|faiss|CHANGELOG.md|Markdown|266|0|44
139|./src/_00/output/C++/facebookresearch~faiss/faiss/Index2Layer.cpp|facebookresearch|faiss|Index2Layer.cpp|C++|266|16|61
140|./src/_00/output/C++/facebookresearch~faiss/contrib/clustering.py|facebookresearch|faiss|clustering.py|Python|265|51|83
141|./src/_00/output/C++/facebookresearch~faiss/faiss/impl/pq4_fast_scan.cpp|facebookresearch|faiss|pq4_fast_scan.cpp|C++|264|27|32
142|./src/_00/output/C++/facebookresearch~faiss/faiss/gpu/impl/DistanceUtils.cuh|facebookresearch|faiss|DistanceUtils.cuh|CUDA|260|29|88
143|./src/_00/output/C++/facebookresearch~faiss/tests/test_io.py|facebookresearch|faiss|test_io.py|Python|260|23|87
144|./src/_00/output/C++/facebookresearch~faiss/faiss/gpu/CMakeLists.txt|facebookresearch|faiss|CMakeLists.txt|CMake|256|43|21
145|./src/_00/output/C++/facebookresearch~faiss/tests/test_partition.py|facebookresearch|faiss|test_partition.py|Python|255|5|83
146|./src/_00/output/C++/facebookresearch~faiss/faiss/gpu/test/TestGpuDistance.cu|facebookresearch|faiss|TestGpuDistance.cu|CUDA|252|33|52
147|./src/_00/output/C++/facebookresearch~faiss/c_api/impl/AuxIndexStructures_c.cpp|facebookresearch|faiss|AuxIndexStructures_c.cpp|C++|251|18|40
148|./src/_00/output/C++/facebookresearch~faiss/faiss/gpu/impl/IcmEncoder.cu|facebookresearch|faiss|IcmEncoder.cu|CUDA|250|79|50
149|./src/_00/output/C++/facebookresearch~faiss/faiss/utils/approx_topk_hamming/approx_topk_hamming.h|facebookresearch|faiss|approx_topk_hamming.h|C/C++ Header|250|64|53
150|./src/_00/output/C++/facebookresearch~faiss/demos/offline_ivf/tests/test_offline_ivf.py|facebookresearch|faiss|test_offline_ivf.py|Python|245|28|15
151|./src/_00/output/C++/facebookresearch~faiss/faiss/IndexIVFPQFastScan.cpp|facebookresearch|faiss|IndexIVFPQFastScan.cpp|C++|245|19|49
152|./src/_00/output/C++/facebookresearch~faiss/.github/workflows/build.yml|facebookresearch|faiss|build.yml|YAML|244|0|0
153|./src/_00/output/C++/facebookresearch~faiss/contrib/datasets.py|facebookresearch|faiss|datasets.py|Python|244|58|76
154|./src/_00/output/C++/facebookresearch~faiss/faiss/IndexIVF.h|facebookresearch|faiss|IndexIVF.h|C/C++ Header|244|226|83
155|./src/_00/output/C++/facebookresearch~faiss/benchs/bench_hamming_computer.cpp|facebookresearch|faiss|bench_hamming_computer.cpp|C++|243|15|57
156|./src/_00/output/C++/facebookresearch~faiss/faiss/gpu/impl/scan/IVFInterleavedImpl.cuh|facebookresearch|faiss|IVFInterleavedImpl.cuh|CUDA|241|6|12
157|./src/_00/output/C++/facebookresearch~faiss/faiss/gpu/impl/FlatIndex.cu|facebookresearch|faiss|FlatIndex.cu|CUDA|239|32|33
158|./src/_00/output/C++/facebookresearch~faiss/faiss/utils/distances_fused/avx512.cpp|facebookresearch|faiss|avx512.cpp|C++|239|54|53
159|./src/_00/output/C++/facebookresearch~faiss/faiss/IndexRefine.cpp|facebookresearch|faiss|IndexRefine.cpp|C++|238|16|48
160|./src/_00/output/C++/facebookresearch~faiss/tests/test_factory.py|facebookresearch|faiss|test_factory.py|Python|235|8|79
161|./src/_00/output/C++/facebookresearch~faiss/benchs/bench_fw/benchmark_io.py|facebookresearch|faiss|benchmark_io.py|Python|234|10|24
162|./src/_00/output/C++/facebookresearch~faiss/tests/test_simdlib.cpp|facebookresearch|faiss|test_simdlib.cpp|C++|232|9|23
163|./src/_00/output/C++/facebookresearch~faiss/faiss/IndexAdditiveQuantizerFastScan.cpp|facebookresearch|faiss|IndexAdditiveQuantizerFastScan.cpp|C++|231|23|45
164|./src/_00/output/C++/facebookresearch~faiss/faiss/utils/distances_fused/simdlib_based.cpp|facebookresearch|faiss|simdlib_based.cpp|C++|230|68|54
165|./src/_00/output/C++/facebookresearch~faiss/faiss/gpu/impl/BinaryDistance.cu|facebookresearch|faiss|BinaryDistance.cu|CUDA|229|37|50
166|./src/_00/output/C++/facebookresearch~faiss/faiss/IndexNSG.cpp|facebookresearch|faiss|IndexNSG.cpp|C++|228|30|60
167|./src/_00/output/C++/facebookresearch~faiss/faiss/IndexBinaryHNSW.cpp|facebookresearch|faiss|IndexBinaryHNSW.cpp|C++|226|22|56
168|./src/_00/output/C++/facebookresearch~faiss/benchs/bench_all_ivf/cmp_with_scann.py|facebookresearch|faiss|cmp_with_scann.py|Python|223|19|65
169|./src/_00/output/C++/facebookresearch~faiss/faiss/gpu/impl/L2Select.cu|facebookresearch|faiss|L2Select.cu|CUDA|222|25|43
170|./src/_00/output/C++/facebookresearch~faiss/faiss/python/__init__.py|facebookresearch|faiss|__init__.py|Python|222|41|66
171|./src/_00/output/C++/facebookresearch~faiss/faiss/utils/distances.h|facebookresearch|faiss|distances.h|C/C++ Header|222|210|54
172|./src/_00/output/C++/facebookresearch~faiss/faiss/IndexIDMap.cpp|facebookresearch|faiss|IndexIDMap.cpp|C++|220|26|42
173|./src/_00/output/C++/facebookresearch~faiss/faiss/invlists/InvertedLists.h|facebookresearch|faiss|InvertedLists.h|C/C++ Header|218|105|101
174|./src/_00/output/C++/facebookresearch~faiss/tests/test_merge_index.py|facebookresearch|faiss|test_merge_index.py|Python|218|17|54
175|./src/_00/output/C++/facebookresearch~faiss/faiss/IndexScalarQuantizer.cpp|facebookresearch|faiss|IndexScalarQuantizer.cpp|C++|216|18|47
176|./src/_00/output/C++/facebookresearch~faiss/faiss/invlists/DirectMap.cpp|facebookresearch|faiss|DirectMap.cpp|C++|214|15|31
177|./src/_00/output/C++/facebookresearch~faiss/faiss/gpu/utils/MergeNetworkBlock.cuh|facebookresearch|faiss|MergeNetworkBlock.cuh|CUDA|213|56|52
178|./src/_00/output/C++/facebookresearch~faiss/faiss/utils/extra_distances.cpp|facebookresearch|faiss|extra_distances.cpp|C++|213|14|27
179|./src/_00/output/C++/facebookresearch~faiss/faiss/impl/io.cpp|facebookresearch|faiss|io.cpp|C++|211|27|39
180|./src/_00/output/C++/facebookresearch~faiss/tests/test_params_override.cpp|facebookresearch|faiss|test_params_override.cpp|C++|211|25|51
181|./src/_00/output/C++/facebookresearch~faiss/tests/torch_test_contrib.py|facebookresearch|faiss|torch_test_contrib.py|Python|211|51|83
182|./src/_00/output/C++/facebookresearch~faiss/benchs/bench_fw/utils.py|facebookresearch|faiss|utils.py|Python|210|5|33
183|./src/_00/output/C++/facebookresearch~faiss/faiss/IndexShards.cpp|facebookresearch|faiss|IndexShards.cpp|C++|207|14|49
184|./src/_00/output/C++/facebookresearch~faiss/faiss/gpu/test/TestCodePacking.cpp|facebookresearch|faiss|TestCodePacking.cpp|C++|205|40|44
185|./src/_00/output/C++/facebookresearch~faiss/faiss/gpu/GpuIndexIVFScalarQuantizer.cu|facebookresearch|faiss|GpuIndexIVFScalarQuantizer.cu|CUDA|204|34|45
186|./src/_00/output/C++/facebookresearch~faiss/INSTALL.md|facebookresearch|faiss|INSTALL.md|Markdown|203|0|66
187|./src/_00/output/C++/facebookresearch~faiss/faiss/gpu/utils/HostTensor-inl.cuh|facebookresearch|faiss|HostTensor-inl.cuh|CUDA|199|13|25
188|./src/_00/output/C++/facebookresearch~faiss/faiss/MatrixStats.cpp|facebookresearch|faiss|MatrixStats.cpp|C++|198|14|40
189|./src/_00/output/C++/facebookresearch~faiss/faiss/MetaIndexes.cpp|facebookresearch|faiss|MetaIndexes.cpp|C++|197|16|30
190|./src/_00/output/C++/facebookresearch~faiss/faiss/impl/kmeans1d.cpp|facebookresearch|faiss|kmeans1d.cpp|C++|196|56|50
191|./src/_00/output/C++/facebookresearch~faiss/faiss/utils/simdlib_avx512.h|facebookresearch|faiss|simdlib_avx512.h|C/C++ Header|195|32|69
192|./src/_00/output/C++/facebookresearch~faiss/faiss/impl/AuxIndexStructures.cpp|facebookresearch|faiss|AuxIndexStructures.cpp|C++|194|31|39
193|./src/_00/output/C++/facebookresearch~faiss/faiss/utils/Heap.cpp|facebookresearch|faiss|Heap.cpp|C++|194|31|25
194|./src/_00/output/C++/facebookresearch~faiss/tests/test_clustering.py|facebookresearch|faiss|test_clustering.py|Python|194|33|72
195|./src/_00/output/C++/facebookresearch~faiss/tests/test_merge.cpp|facebookresearch|faiss|test_merge.cpp|C++|191|17|38
196|./src/_00/output/C++/facebookresearch~faiss/c_api/Index_c.cpp|facebookresearch|faiss|Index_c.cpp|C++|190|8|27
197|./src/_00/output/C++/facebookresearch~faiss/faiss/gpu/impl/L2Norm.cu|facebookresearch|faiss|L2Norm.cu|CUDA|190|45|44
198|./src/_00/output/C++/facebookresearch~faiss/tests/test_threaded_index.cpp|facebookresearch|faiss|test_threaded_index.cpp|C++|190|18|52
199|./src/_00/output/C++/facebookresearch~faiss/demos/demo_residual_quantizer.cpp|facebookresearch|faiss|demo_residual_quantizer.cpp|C++|189|57|51
200|./src/_00/output/C++/facebookresearch~faiss/tests/test_code_distance.cpp|facebookresearch|faiss|test_code_distance.cpp|C++|186|22|32
201|./src/_00/output/C++/facebookresearch~faiss/tests/test_ivf_index.cpp|facebookresearch|faiss|test_ivf_index.cpp|C++|186|27|29
202|./src/_00/output/C++/facebookresearch~faiss/faiss/IndexShardsIVF.cpp|facebookresearch|faiss|IndexShardsIVF.cpp|C++|185|19|41
203|./src/_00/output/C++/facebookresearch~faiss/faiss/gpu/utils/DeviceUtils.cu|facebookresearch|faiss|DeviceUtils.cu|CUDA|183|10|53
204|./src/_00/output/C++/facebookresearch~faiss/faiss/gpu/impl/IVFInterleaved.cuh|facebookresearch|faiss|IVFInterleaved.cuh|CUDA|182|32|42
205|./src/_00/output/C++/facebookresearch~faiss/faiss/gpu/utils/DeviceVector.cuh|facebookresearch|faiss|DeviceVector.cuh|CUDA|180|47|50
206|./src/_00/output/C++/facebookresearch~faiss/faiss/cppcontrib/sa_decode/PQ-inl.h|facebookresearch|faiss|PQ-inl.h|C/C++ Header|179|40|38
207|./src/_00/output/C++/facebookresearch~faiss/faiss/gpu/impl/IVFUtilsSelect2.cu|facebookresearch|faiss|IVFUtilsSelect2.cu|CUDA|179|40|36
208|./src/_00/output/C++/facebookresearch~faiss/demos/offline_ivf/run.py|facebookresearch|faiss|run.py|Python|178|15|25
209|./src/_00/output/C++/facebookresearch~faiss/faiss/gpu/GpuIndexBinaryFlat.cu|facebookresearch|faiss|GpuIndexBinaryFlat.cu|CUDA|178|31|53
210|./src/_00/output/C++/facebookresearch~faiss/faiss/impl/pq4_fast_scan_search_1.cpp|facebookresearch|faiss|pq4_fast_scan_search_1.cpp|C++|178|15|31
211|./src/_00/output/C++/facebookresearch~faiss/faiss/IndexIVFPQR.cpp|facebookresearch|faiss|IndexIVFPQR.cpp|C++|177|17|44
212|./src/_00/output/C++/facebookresearch~faiss/faiss/gpu/impl/IVFInterleaved.cu|facebookresearch|faiss|IVFInterleaved.cu|CUDA|173|33|29
213|./src/_00/output/C++/facebookresearch~faiss/faiss/gpu/test/test_multi_gpu.py|facebookresearch|faiss|test_multi_gpu.py|Python|173|21|54
214|./src/_00/output/C++/facebookresearch~faiss/benchs/distributed_ondisk/run_on_cluster.bash|facebookresearch|faiss|run_on_cluster.bash|Bourne Again Shell|172|31|61
215|./src/_00/output/C++/facebookresearch~faiss/faiss/gpu/test/TestGpuIndexIVFScalarQuantizer.cpp|facebookresearch|faiss|TestGpuIndexIVFScalarQuantizer.cpp|C++|172|14|47
216|./src/_00/output/C++/facebookresearch~faiss/benchs/distributed_ondisk/distributed_kmeans.py|facebookresearch|faiss|distributed_kmeans.py|Python|171|18|51
217|./src/_00/output/C++/facebookresearch~faiss/faiss/gpu/impl/VectorResidual.cu|facebookresearch|faiss|VectorResidual.cu|CUDA|170|8|36
218|./src/_00/output/C++/facebookresearch~faiss/faiss/IndexIVFFastScan.h|facebookresearch|faiss|IndexIVFFastScan.h|C/C++ Header|169|44|42
219|./src/_00/output/C++/facebookresearch~faiss/demos/demo_sift1M.cpp|facebookresearch|faiss|demo_sift1M.cpp|C++|167|33|56
220|./src/_00/output/C++/facebookresearch~faiss/faiss/gpu/utils/DeviceTensor-inl.cuh|facebookresearch|faiss|DeviceTensor-inl.cuh|CUDA|164|7|21
221|./src/_00/output/C++/facebookresearch~faiss/tests/test_approx_topk.cpp|facebookresearch|faiss|test_approx_topk.cpp|C++|163|27|35
222|./src/_00/output/C++/facebookresearch~faiss/faiss/gpu/utils/WarpPackedBits.cuh|facebookresearch|faiss|WarpPackedBits.cuh|CUDA|159|78|44
223|./src/_00/output/C++/facebookresearch~faiss/benchs/distributed_ondisk/search_server.py|facebookresearch|faiss|search_server.py|Python|158|19|45
224|./src/_00/output/C++/facebookresearch~faiss/c_api/example_c.c|facebookresearch|faiss|example_c.c|C|158|10|15
225|./src/_00/output/C++/facebookresearch~faiss/contrib/rpc.py|facebookresearch|faiss|rpc.py|Python|155|53|50
226|./src/_00/output/C++/facebookresearch~faiss/faiss/gpu/test/test_contrib_gpu.py|facebookresearch|faiss|test_contrib_gpu.py|Python|155|14|46
227|./src/_00/output/C++/facebookresearch~faiss/faiss/python/gpu_wrappers.py|facebookresearch|faiss|gpu_wrappers.py|Python|155|93|45
228|./src/_00/output/C++/facebookresearch~faiss/faiss/utils/random.cpp|facebookresearch|faiss|random.cpp|C++|154|23|44
229|./src/_00/output/C++/facebookresearch~faiss/tests/test_ondisk_ivf.cpp|facebookresearch|faiss|test_ondisk_ivf.cpp|C++|154|9|44
230|./src/_00/output/C++/facebookresearch~faiss/benchs/bench_polysemous_1bn.py|facebookresearch|faiss|bench_polysemous_1bn.py|Python|153|33|65
231|./src/_00/output/C++/facebookresearch~faiss/demos/offline_ivf/tests/testing_utils.py|facebookresearch|faiss|testing_utils.py|Python|153|12|15
232|./src/_00/output/C++/facebookresearch~faiss/faiss/python/CMakeLists.txt|facebookresearch|faiss|CMakeLists.txt|CMake|153|14|27
233|./src/_00/output/C++/facebookresearch~faiss/faiss/IndexReplicas.cpp|facebookresearch|faiss|IndexReplicas.cpp|C++|151|14|42
234|./src/_00/output/C++/facebookresearch~faiss/faiss/gpu/GpuResources.cpp|facebookresearch|faiss|GpuResources.cpp|C++|151|34|38
235|./src/_00/output/C++/facebookresearch~faiss/faiss/gpu/impl/IVFUtilsSelect1.cu|facebookresearch|faiss|IVFUtilsSelect1.cu|CUDA|151|19|27
236|./src/_00/output/C++/facebookresearch~faiss/faiss/gpu/test/test_gpu_index_ivfsq.py|facebookresearch|faiss|test_gpu_index_ivfsq.py|Python|151|22|50
237|./src/_00/output/C++/facebookresearch~faiss/c_api/VectorTransform_c.cpp|facebookresearch|faiss|VectorTransform_c.cpp|C++|149|32|47
238|./src/_00/output/C++/facebookresearch~faiss/demos/offline_ivf/dataset.py|facebookresearch|faiss|dataset.py|Python|148|11|14
239|./src/_00/output/C++/facebookresearch~faiss/tests/test_binary_io.py|facebookresearch|faiss|test_binary_io.py|Python|148|5|66
240|./src/_00/output/C++/facebookresearch~faiss/benchs/distributed_ondisk/README.md|facebookresearch|faiss|README.md|Markdown|147|0|47
241|./src/_00/output/C++/facebookresearch~faiss/faiss/gpu/test/TestGpuSelect.cu|facebookresearch|faiss|TestGpuSelect.cu|CUDA|144|27|36
242|./src/_00/output/C++/facebookresearch~faiss/faiss/invlists/BlockInvertedLists.cpp|facebookresearch|faiss|BlockInvertedLists.cpp|C++|144|11|25
243|./src/_00/output/C++/facebookresearch~faiss/faiss/Index.cpp|facebookresearch|faiss|Index.cpp|C++|143|10|32
244|./src/_00/output/C++/facebookresearch~faiss/tests/test_binary_hashindex.py|facebookresearch|faiss|test_binary_hashindex.py|Python|143|28|48
245|./src/_00/output/C++/facebookresearch~faiss/demos/demo_weighted_kmeans.cpp|facebookresearch|faiss|demo_weighted_kmeans.cpp|C++|142|9|30
246|./src/_00/output/C++/facebookresearch~faiss/faiss/utils/AlignedTable.h|facebookresearch|faiss|AlignedTable.h|C/C++ Header|142|10|26
247|./src/_00/output/C++/facebookresearch~faiss/faiss/IndexNNDescent.cpp|facebookresearch|faiss|IndexNNDescent.cpp|C++|141|19|39
248|./src/_00/output/C++/facebookresearch~faiss/faiss/gpu/utils/StackDeviceMemory.cpp|facebookresearch|faiss|StackDeviceMemory.cpp|C++|140|26|42
249|./src/_00/output/C++/facebookresearch~faiss/.github/workflows/nightly.yml|facebookresearch|faiss|nightly.yml|YAML|139|0|0
250|./src/_00/output/C++/facebookresearch~faiss/benchs/bench_ivfflat_raft.py|facebookresearch|faiss|bench_ivfflat_raft.py|Python|139|24|30
251|./src/_00/output/C++/facebookresearch~faiss/c_api/Clustering_c.cpp|facebookresearch|faiss|Clustering_c.cpp|C++|137|15|19
252|./src/_00/output/C++/facebookresearch~faiss/faiss/IndexAdditiveQuantizer.h|facebookresearch|faiss|IndexAdditiveQuantizer.h|C/C++ Header|137|76|49
253|./src/_00/output/C++/facebookresearch~faiss/c_api/IndexIVF_c.cpp|facebookresearch|faiss|IndexIVF_c.cpp|C++|136|21|28
254|./src/_00/output/C++/facebookresearch~faiss/faiss/IndexLSH.cpp|facebookresearch|faiss|IndexLSH.cpp|C++|136|12|30
255|./src/_00/output/C++/facebookresearch~faiss/faiss/utils/hamming.h|facebookresearch|faiss|hamming.h|C/C++ Header|136|109|42
256|./src/_00/output/C++/facebookresearch~faiss/tests/test_hnsw.cpp|facebookresearch|faiss|test_hnsw.cpp|C++|136|26|30
257|./src/_00/output/C++/facebookresearch~faiss/benchs/distributed_ondisk/combined_index.py|facebookresearch|faiss|combined_index.py|Python|135|18|41
258|./src/_00/output/C++/facebookresearch~faiss/c_api/IndexFlat_c.cpp|facebookresearch|faiss|IndexFlat_c.cpp|C++|135|8|23
259|./src/_00/output/C++/facebookresearch~faiss/benchs/bench_fw_codecs.py|facebookresearch|faiss|bench_fw_codecs.py|Python|134|4|8
260|./src/_00/output/C++/facebookresearch~faiss/faiss/gpu/utils/Transpose.cuh|facebookresearch|faiss|Transpose.cuh|CUDA|134|22|37
261|./src/_00/output/C++/facebookresearch~faiss/faiss/impl/HNSW.h|facebookresearch|faiss|HNSW.h|C/C++ Header|134|59|60
262|./src/_00/output/C++/facebookresearch~faiss/faiss/impl/ThreadedIndex-inl.h|facebookresearch|faiss|ThreadedIndex-inl.h|C/C++ Header|134|23|33
263|./src/_00/output/C++/facebookresearch~faiss/tests/test_sliding_ivf.cpp|facebookresearch|faiss|test_sliding_ivf.cpp|C++|134|25|46
264|./src/_00/output/C++/facebookresearch~faiss/faiss/gpu/test/TestGpuIndexBinaryFlat.cpp|facebookresearch|faiss|TestGpuIndexBinaryFlat.cpp|C++|132|20|47
265|./src/_00/output/C++/facebookresearch~faiss/tests/test_index_binary_from_float.py|facebookresearch|faiss|test_index_binary_from_float.py|Python|129|8|58
266|./src/_00/output/C++/facebookresearch~faiss/faiss/impl/ProductQuantizer.h|facebookresearch|faiss|ProductQuantizer.h|C/C++ Header|128|66|51
267|./src/_00/output/C++/facebookresearch~faiss/tests/test_product_quantizer.py|facebookresearch|faiss|test_product_quantizer.py|Python|128|17|48
268|./src/_00/output/C++/facebookresearch~faiss/faiss/gpu/perf/PerfIVFPQAdd.cpp|facebookresearch|faiss|PerfIVFPQAdd.cpp|C++|127|7|26
269|./src/_00/output/C++/facebookresearch~faiss/faiss/gpu/utils/BlockSelectFloat.cu|facebookresearch|faiss|BlockSelectFloat.cu|CUDA|127|15|10
270|./src/_00/output/C++/facebookresearch~faiss/faiss/IndexIVFIndependentQuantizer.cpp|facebookresearch|faiss|IndexIVFIndependentQuantizer.cpp|C++|126|17|29
271|./src/_00/output/C++/facebookresearch~faiss/faiss/gpu/impl/IVFBase.cuh|facebookresearch|faiss|IVFBase.cuh|CUDA|125|103|52
272|./src/_00/output/C++/facebookresearch~faiss/faiss/gpu/utils/BlockSelectKernel.cuh|facebookresearch|faiss|BlockSelectKernel.cuh|CUDA|125|12|28
273|./src/_00/output/C++/facebookresearch~faiss/faiss/gpu/utils/ConversionOperators.cuh|facebookresearch|faiss|ConversionOperators.cuh|CUDA|124|10|23
274|./src/_00/output/C++/facebookresearch~faiss/faiss/VectorTransform.h|facebookresearch|faiss|VectorTransform.h|C/C++ Header|123|109|81
275|./src/_00/output/C++/facebookresearch~faiss/tests/test_pairs_decoding.cpp|facebookresearch|faiss|test_pairs_decoding.cpp|C++|123|26|45
276|./src/_00/output/C++/facebookresearch~faiss/faiss/gpu/GpuResources.h|facebookresearch|faiss|GpuResources.h|C/C++ Header|122|116|67
277|./src/_00/output/C++/facebookresearch~faiss/tests/test_extra_distances.py|facebookresearch|faiss|test_extra_distances.py|Python|122|10|42
278|./src/_00/output/C++/facebookresearch~faiss/tests/test_ivflib.py|facebookresearch|faiss|test_ivflib.py|Python|122|17|43
279|./src/_00/output/C++/facebookresearch~faiss/benchs/bench_quantizer.py|facebookresearch|faiss|bench_quantizer.py|Python|121|10|26
280|./src/_00/output/C++/facebookresearch~faiss/tests/test_meta_index.py|facebookresearch|faiss|test_meta_index.py|Python|120|11|45
281|./src/_00/output/C++/facebookresearch~faiss/faiss/gpu/perf/PerfIVFPQ.cu|facebookresearch|faiss|PerfIVFPQ.cu|CUDA|119|12|35
282|./src/_00/output/C++/facebookresearch~faiss/faiss/utils/approx_topk/avx2-inl.h|facebookresearch|faiss|avx2-inl.h|C/C++ Header|118|49|29
283|./src/_00/output/C++/facebookresearch~faiss/faiss/utils/extra_distances-inl.h|facebookresearch|faiss|extra_distances-inl.h|C/C++ Header|118|19|16
284|./src/_00/output/C++/facebookresearch~faiss/c_api/IndexBinary_c.cpp|facebookresearch|faiss|IndexBinary_c.cpp|C++|116|8|19
285|./src/_00/output/C++/facebookresearch~faiss/faiss/gpu/GpuIndexFlat.h|facebookresearch|faiss|GpuIndexFlat.h|C/C++ Header|115|57|45
286|./src/_00/output/C++/facebookresearch~faiss/faiss/gpu/perf/PerfFlat.cu|facebookresearch|faiss|PerfFlat.cu|CUDA|115|12|32
287|./src/_00/output/C++/facebookresearch~faiss/faiss/impl/LocalSearchQuantizer.h|facebookresearch|faiss|LocalSearchQuantizer.h|C/C++ Header|115|84|49
288|./src/_00/output/C++/facebookresearch~faiss/tests/test_pq_encoding.cpp|facebookresearch|faiss|test_pq_encoding.cpp|C++|115|8|22
289|./src/_00/output/C++/facebookresearch~faiss/benchs/bench_hnsw.py|facebookresearch|faiss|bench_hnsw.py|Python|114|27|51
290|./src/_00/output/C++/facebookresearch~faiss/benchs/bench_ivf_selector.cpp|facebookresearch|faiss|bench_ivf_selector.cpp|C++|114|13|18
291|./src/_00/output/C++/facebookresearch~faiss/benchs/bench_ivfpq_raft.py|facebookresearch|faiss|bench_ivfpq_raft.py|Python|114|26|28
292|./src/_00/output/C++/facebookresearch~faiss/faiss/gpu/utils/DeviceUtils.h|facebookresearch|faiss|DeviceUtils.h|C/C++ Header|114|46|45
293|./src/_00/output/C++/facebookresearch~faiss/faiss/impl/platform_macros.h|facebookresearch|faiss|platform_macros.h|C/C++ Header|114|41|34
294|./src/_00/output/C++/facebookresearch~faiss/benchs/bench_for_interrupt.py|facebookresearch|faiss|bench_for_interrupt.py|Python|112|9|34
295|./src/_00/output/C++/facebookresearch~faiss/faiss/IndexBinaryIVF.h|facebookresearch|faiss|IndexBinaryIVF.h|C/C++ Header|112|100|48
296|./src/_00/output/C++/facebookresearch~faiss/faiss/gpu/perf/PerfIVFFlat.cu|facebookresearch|faiss|PerfIVFFlat.cu|CUDA|112|12|32
297|./src/_00/output/C++/facebookresearch~faiss/contrib/factory_tools.py|facebookresearch|faiss|factory_tools.py|Python|111|9|29
298|./src/_00/output/C++/facebookresearch~faiss/demos/demo_imi_pq.cpp|facebookresearch|faiss|demo_imi_pq.cpp|C++|111|62|34
299|./src/_00/output/C++/facebookresearch~faiss/faiss/gpu/utils/Reductions.cuh|facebookresearch|faiss|Reductions.cuh|CUDA|111|10|26
300|./src/_00/output/C++/facebookresearch~faiss/faiss/IndexIVFAdditiveQuantizerFastScan.h|facebookresearch|faiss|IndexIVFAdditiveQuantizerFastScan.h|C/C++ Header|110|26|36
301|./src/_00/output/C++/facebookresearch~faiss/benchs/bench_fw_ivf.py|facebookresearch|faiss|bench_fw_ivf.py|Python|109|4|7
302|./src/_00/output/C++/facebookresearch~faiss/demos/offline_ivf/config_ssnpp.yaml|facebookresearch|faiss|config_ssnpp.yaml|YAML|109|0|1
303|./src/_00/output/C++/facebookresearch~faiss/tests/test_dealloc_invlists.cpp|facebookresearch|faiss|test_dealloc_invlists.cpp|C++|109|19|43
304|./src/_00/output/C++/facebookresearch~faiss/c_api/impl/AuxIndexStructures_c.h|facebookresearch|faiss|AuxIndexStructures_c.h|C/C++ Header|108|37|46
305|./src/_00/output/C++/facebookresearch~faiss/faiss/IndexPQ.h|facebookresearch|faiss|IndexPQ.h|C/C++ Header|107|45|42
306|./src/_00/output/C++/facebookresearch~faiss/c_api/gpu/GpuResources_c.cpp|facebookresearch|faiss|GpuResources_c.cpp|C++|106|8|16
307|./src/_00/output/C++/facebookresearch~faiss/conda/faiss-gpu-raft/meta.yaml|facebookresearch|faiss|meta.yaml|YAML|106|4|7
308|./src/_00/output/C++/facebookresearch~faiss/faiss/python/python_callbacks.cpp|facebookresearch|faiss|python_callbacks.cpp|C++|106|13|17
309|./src/_00/output/C++/facebookresearch~faiss/benchs/bench_heap_replace.cpp|facebookresearch|faiss|bench_heap_replace.cpp|C++|105|9|26
310|./src/_00/output/C++/facebookresearch~faiss/faiss/IndexLattice.cpp|facebookresearch|faiss|IndexLattice.cpp|C++|105|9|21
311|./src/_00/output/C++/facebookresearch~faiss/demos/offline_ivf/tests/test_iterate_input.py|facebookresearch|faiss|test_iterate_input.py|Python|104|18|10
312|./src/_00/output/C++/facebookresearch~faiss/faiss/impl/NSG.h|facebookresearch|faiss|NSG.h|C/C++ Header|104|51|41
313|./src/_00/output/C++/facebookresearch~faiss/.github/actions/build_cmake/action.yml|facebookresearch|faiss|action.yml|YAML|103|0|0
314|./src/_00/output/C++/facebookresearch~faiss/conda/faiss-gpu/meta.yaml|facebookresearch|faiss|meta.yaml|YAML|103|4|7
315|./src/_00/output/C++/facebookresearch~faiss/faiss/gpu/test/demo_ivfpq_indexing_gpu.cpp|facebookresearch|faiss|demo_ivfpq_indexing_gpu.cpp|C++|103|19|36
316|./src/_00/output/C++/facebookresearch~faiss/faiss/impl/residual_quantizer_encode_steps.h|facebookresearch|faiss|residual_quantizer_encode_steps.h|C/C++ Header|103|51|22
317|./src/_00/output/C++/facebookresearch~faiss/c_api/Index_c.h|facebookresearch|faiss|Index_c.h|C/C++ Header|102|145|35
318|./src/_00/output/C++/facebookresearch~faiss/faiss/gpu/impl/IVFPQ.cuh|facebookresearch|faiss|IVFPQ.cuh|CUDA|101|49|31
319|./src/_00/output/C++/facebookresearch~faiss/faiss/IndexIVFAdditiveQuantizer.h|facebookresearch|faiss|IndexIVFAdditiveQuantizer.h|C/C++ Header|99|51|34
320|./src/_00/output/C++/facebookresearch~faiss/faiss/gpu/impl/IVFUtils.cu|facebookresearch|faiss|IVFUtils.cu|CUDA|99|60|30
321|./src/_00/output/C++/facebookresearch~faiss/faiss/gpu/impl/RaftFlatIndex.cu|facebookresearch|faiss|RaftFlatIndex.cu|CUDA|99|27|19
322|./src/_00/output/C++/facebookresearch~faiss/demos/demo_ivfpq_indexing.cpp|facebookresearch|faiss|demo_ivfpq_indexing.cpp|C++|97|16|33
323|./src/_00/output/C++/facebookresearch~faiss/faiss/gpu/utils/WarpShuffles.cuh|facebookresearch|faiss|WarpShuffles.cuh|CUDA|96|12|19
324|./src/_00/output/C++/facebookresearch~faiss/.github/actions/build_conda/action.yml|facebookresearch|faiss|action.yml|YAML|95|1|0
325|./src/_00/output/C++/facebookresearch~faiss/c_api/gpu/example_gpu_c.c|facebookresearch|faiss|example_gpu_c.c|C|95|8|17
326|./src/_00/output/C++/facebookresearch~faiss/demos/demo_auto_tune.py|facebookresearch|faiss|demo_auto_tune.py|Python|95|24|51
327|./src/_00/output/C++/facebookresearch~faiss/demos/demo_imi_flat.cpp|facebookresearch|faiss|demo_imi_flat.cpp|C++|95|32|29
328|./src/_00/output/C++/facebookresearch~faiss/faiss/IndexFastScan.h|facebookresearch|faiss|IndexFastScan.h|C/C++ Header|95|27|28
329|./src/_00/output/C++/facebookresearch~faiss/faiss/IndexIVFPQ.h|facebookresearch|faiss|IndexIVFPQ.h|C/C++ Header|94|59|37
330|./src/_00/output/C++/facebookresearch~faiss/faiss/gpu/utils/CopyUtils.cuh|facebookresearch|faiss|CopyUtils.cuh|CUDA|94|20|23
331|./src/_00/output/C++/facebookresearch~faiss/faiss/gpu/utils/NoTypeTensor.cuh|facebookresearch|faiss|NoTypeTensor.cuh|CUDA|94|6|21
332|./src/_00/output/C++/facebookresearch~faiss/faiss/impl/AdditiveQuantizer.h|facebookresearch|faiss|AdditiveQuantizer.h|C/C++ Header|94|77|35
333|./src/_00/output/C++/facebookresearch~faiss/tests/test_common_ivf_empty_index.cpp|facebookresearch|faiss|test_common_ivf_empty_index.cpp|C++|94|24|26
334|./src/_00/output/C++/facebookresearch~faiss/c_api/VectorTransform_c.h|facebookresearch|faiss|VectorTransform_c.h|C/C++ Header|93|40|41
335|./src/_00/output/C++/facebookresearch~faiss/faiss/gpu/test/TestUtils.h|facebookresearch|faiss|TestUtils.h|C/C++ Header|93|27|25
336|./src/_00/output/C++/facebookresearch~faiss/c_api/gpu/GpuAutoTune_c.cpp|facebookresearch|faiss|GpuAutoTune_c.cpp|C++|92|9|12
337|./src/_00/output/C++/facebookresearch~faiss/faiss/AutoTune.h|facebookresearch|faiss|AutoTune.h|C/C++ Header|92|67|53
338|./src/_00/output/C++/facebookresearch~faiss/faiss/IndexBinaryFlat.cpp|facebookresearch|faiss|IndexBinaryFlat.cpp|C++|92|9|15
339|./src/_00/output/C++/facebookresearch~faiss/faiss/gpu/GpuIndex.h|facebookresearch|faiss|GpuIndex.h|C/C++ Header|92|70|35
340|./src/_00/output/C++/facebookresearch~faiss/faiss/gpu/perf/PerfClustering.cpp|facebookresearch|faiss|PerfClustering.cpp|C++|92|9|26
341|./src/_00/output/C++/facebookresearch~faiss/faiss/gpu/utils/blockselect/BlockSelectImpl.cuh|facebookresearch|faiss|BlockSelectImpl.cuh|CUDA|92|6|6
342|./src/_00/output/C++/facebookresearch~faiss/c_api/AutoTune_c.cpp|facebookresearch|faiss|AutoTune_c.cpp|C++|91|9|14
343|./src/_00/output/C++/facebookresearch~faiss/contrib/ivf_tools.py|facebookresearch|faiss|ivf_tools.py|Python|91|31|26
344|./src/_00/output/C++/facebookresearch~faiss/faiss/IndexFlatCodes.cpp|facebookresearch|faiss|IndexFlatCodes.cpp|C++|91|8|18
345|./src/_00/output/C++/facebookresearch~faiss/benchs/bench_pq_transposed_centroid_table.py|facebookresearch|faiss|bench_pq_transposed_centroid_table.py|Python|90|14|32
346|./src/_00/output/C++/facebookresearch~faiss/demos/rocksdb_ivf/RocksDBInvertedLists.cpp|facebookresearch|faiss|RocksDBInvertedLists.cpp|C++|90|1|18
347|./src/_00/output/C++/facebookresearch~faiss/faiss/impl/AuxIndexStructures.h|facebookresearch|faiss|AuxIndexStructures.h|C/C++ Header|90|64|48
348|./src/_00/output/C++/facebookresearch~faiss/faiss/impl/ProductQuantizer-inl.h|facebookresearch|faiss|ProductQuantizer-inl.h|C/C++ Header|90|6|20
349|./src/_00/output/C++/facebookresearch~faiss/faiss/utils/hamming-inl.h|facebookresearch|faiss|hamming-inl.h|C/C++ Header|90|17|12
350|./src/_00/output/C++/facebookresearch~faiss/faiss/gpu/GpuIcmEncoder.cu|facebookresearch|faiss|GpuIcmEncoder.cu|CUDA|89|10|21
351|./src/_00/output/C++/facebookresearch~faiss/faiss/gpu/StandardGpuResources.h|facebookresearch|faiss|StandardGpuResources.h|C/C++ Header|89|113|57
352|./src/_00/output/C++/facebookresearch~faiss/faiss/impl/IDSelector.h|facebookresearch|faiss|IDSelector.h|C/C++ Header|89|59|25
353|./src/_00/output/C++/facebookresearch~faiss/.clang-format|facebookresearch|faiss|.clang-format|YAML|88|0|0
354|./src/_00/output/C++/facebookresearch~faiss/faiss/impl/lattice_Zn.h|facebookresearch|faiss|lattice_Zn.h|C/C++ Header|88|54|46
355|./src/_00/output/C++/facebookresearch~faiss/faiss/python/array_conversions.py|facebookresearch|faiss|array_conversions.py|Python|88|45|32
356|./src/_00/output/C++/facebookresearch~faiss/tests/test_transfer_invlists.cpp|facebookresearch|faiss|test_transfer_invlists.cpp|C++|88|27|33
357|./src/_00/output/C++/facebookresearch~faiss/c_api/IndexScalarQuantizer_c.cpp|facebookresearch|faiss|IndexScalarQuantizer_c.cpp|C++|87|12|13
358|./src/_00/output/C++/facebookresearch~faiss/faiss/IndexAdditiveQuantizerFastScan.h|facebookresearch|faiss|IndexAdditiveQuantizerFastScan.h|C/C++ Header|87|81|31
359|./src/_00/output/C++/facebookresearch~faiss/faiss/gpu/GpuAutoTune.cpp|facebookresearch|faiss|GpuAutoTune.cpp|C++|87|12|15
360|./src/_00/output/C++/facebookresearch~faiss/faiss/impl/IDSelector.cpp|facebookresearch|faiss|IDSelector.cpp|C++|87|21|17
361|./src/_00/output/C++/facebookresearch~faiss/tests/CMakeLists.txt|facebookresearch|faiss|CMakeLists.txt|CMake|87|6|10
362|./src/_00/output/C++/facebookresearch~faiss/faiss/gpu/GpuIndexIVF.h|facebookresearch|faiss|GpuIndexIVF.h|C/C++ Header|86|42|26
363|./src/_00/output/C++/facebookresearch~faiss/benchs/bench_ivf_fastscan_single_query.py|facebookresearch|faiss|bench_ivf_fastscan_single_query.py|Python|85|10|27
364|./src/_00/output/C++/facebookresearch~faiss/benchs/distributed_ondisk/make_index_vslice.py|facebookresearch|faiss|make_index_vslice.py|Python|85|4|28
365|./src/_00/output/C++/facebookresearch~faiss/tests/test_RCQ_cropping.cpp|facebookresearch|faiss|test_RCQ_cropping.cpp|C++|85|19|25
366|./src/_00/output/C++/facebookresearch~faiss/benchs/bench_all_ivf/datasets_oss.py|facebookresearch|faiss|datasets_oss.py|Python|84|14|38
367|./src/_00/output/C++/facebookresearch~faiss/c_api/macros_impl.h|facebookresearch|faiss|macros_impl.h|C/C++ Header|84|9|15
368|./src/_00/output/C++/facebookresearch~faiss/conda/faiss/meta.yaml|facebookresearch|faiss|meta.yaml|YAML|84|4|7
369|./src/_00/output/C++/facebookresearch~faiss/faiss/IndexHNSW.h|facebookresearch|faiss|IndexHNSW.h|C/C++ Header|84|34|33
370|./src/_00/output/C++/facebookresearch~faiss/faiss/impl/NNDescent.h|facebookresearch|faiss|NNDescent.h|C/C++ Header|84|30|40
371|./src/_00/output/C++/facebookresearch~faiss/.circleci/config.yml|facebookresearch|faiss|config.yml|YAML|83|0|3
372|./src/_00/output/C++/facebookresearch~faiss/faiss/Index.h|facebookresearch|faiss|Index.h|C/C++ Header|83|179|37
373|./src/_00/output/C++/facebookresearch~faiss/faiss/gpu/GpuIndexIVFPQ.h|facebookresearch|faiss|GpuIndexIVFPQ.h|C/C++ Header|83|61|37
374|./src/_00/output/C++/facebookresearch~faiss/faiss/gpu/perf/WriteIndex.cpp|facebookresearch|faiss|WriteIndex.cpp|C++|83|10|20
375|./src/_00/output/C++/facebookresearch~faiss/tests/common_faiss_tests.py|facebookresearch|faiss|common_faiss_tests.py|Python|83|16|28
376|./src/_00/output/C++/facebookresearch~faiss/faiss/Clustering.h|facebookresearch|faiss|Clustering.h|C/C++ Header|82|88|34
377|./src/_00/output/C++/facebookresearch~faiss/misc/test_blas.cpp|facebookresearch|faiss|test_blas.cpp|C++|82|9|19
378|./src/_00/output/C++/facebookresearch~faiss/tests/test_referenced_objects.py|facebookresearch|faiss|test_referenced_objects.py|Python|82|5|19
379|./src/_00/output/C++/facebookresearch~faiss/tutorial/cpp/4-GPU.cpp|facebookresearch|faiss|4-GPU.cpp|C++|82|10|28
380|./src/_00/output/C++/facebookresearch~faiss/c_api/IndexIVF_c.h|facebookresearch|faiss|IndexIVF_c.h|C/C++ Header|81|79|25
381|./src/_00/output/C++/facebookresearch~faiss/faiss/IndexBinaryHash.h|facebookresearch|faiss|IndexBinaryHash.h|C/C++ Header|81|12|35
382|./src/_00/output/C++/facebookresearch~faiss/faiss/impl/FaissAssert.h|facebookresearch|faiss|FaissAssert.h|C/C++ Header|81|16|16
383|./src/_00/output/C++/facebookresearch~faiss/faiss/impl/PolysemousTraining.h|facebookresearch|faiss|PolysemousTraining.h|C/C++ Header|81|37|38
384|./src/_00/output/C++/facebookresearch~faiss/faiss/gpu/utils/RaftUtils.cu|facebookresearch|faiss|RaftUtils.cu|CUDA|80|21|16
385|./src/_00/output/C++/facebookresearch~faiss/faiss/invlists/OnDiskInvertedLists.h|facebookresearch|faiss|OnDiskInvertedLists.h|C/C++ Header|80|45|31
386|./src/_00/output/C++/facebookresearch~faiss/faiss/utils/transpose/transpose-avx2-inl.h|facebookresearch|faiss|transpose-avx2-inl.h|C/C++ Header|80|67|18
387|./src/_00/output/C++/facebookresearch~faiss/faiss/gpu/perf/PerfBinaryFlat.cu|facebookresearch|faiss|PerfBinaryFlat.cu|CUDA|79|12|30
388|./src/_00/output/C++/facebookresearch~faiss/faiss/impl/code_distance/code_distance.h|facebookresearch|faiss|code_distance.h|C/C++ Header|79|37|17
389|./src/_00/output/C++/facebookresearch~faiss/faiss/utils/approx_topk/generic.h|facebookresearch|faiss|generic.h|C/C++ Header|79|39|20
390|./src/_00/output/C++/facebookresearch~faiss/tests/test_cppcontrib_uintreader.cpp|facebookresearch|faiss|test_cppcontrib_uintreader.cpp|C++|79|15|20
391|./src/_00/output/C++/facebookresearch~faiss/tests/test_distances_simd.cpp|facebookresearch|faiss|test_distances_simd.cpp|C++|79|13|17
392|./src/_00/output/C++/facebookresearch~faiss/faiss/IndexBinary.cpp|facebookresearch|faiss|IndexBinary.cpp|C++|78|9|19
393|./src/_00/output/C++/facebookresearch~faiss/faiss/IndexIDMap.h|facebookresearch|faiss|IndexIDMap.h|C/C++ Header|78|15|34
394|./src/_00/output/C++/facebookresearch~faiss/faiss/gpu/impl/RaftIVFFlat.cuh|facebookresearch|faiss|RaftIVFFlat.cuh|CUDA|78|48|24
395|./src/_00/output/C++/facebookresearch~faiss/faiss/gpu/utils/LoadStoreOperators.cuh|facebookresearch|faiss|LoadStoreOperators.cuh|CUDA|77|12|12
396|./src/_00/output/C++/facebookresearch~faiss/tests/test_refine.py|facebookresearch|faiss|test_refine.py|Python|77|13|31
397|./src/_00/output/C++/facebookresearch~faiss/c_api/utils/distances_c.cpp|facebookresearch|faiss|distances_c.cpp|C++|76|8|18
398|./src/_00/output/C++/facebookresearch~faiss/faiss/gpu/GpuCloner.h|facebookresearch|faiss|GpuCloner.h|C/C++ Header|76|17|28
399|./src/_00/output/C++/facebookresearch~faiss/faiss/gpu/test/test_index_cpu_to_gpu.py|facebookresearch|faiss|test_index_cpu_to_gpu.py|Python|76|1|12
400|./src/_00/output/C++/facebookresearch~faiss/faiss/gpu/utils/WarpSelectFloat.cu|facebookresearch|faiss|WarpSelectFloat.cu|CUDA|76|15|8
401|./src/_00/output/C++/facebookresearch~faiss/benchs/bench_big_batch_ivf.py|facebookresearch|faiss|bench_big_batch_ivf.py|Python|75|4|30
402|./src/_00/output/C++/facebookresearch~faiss/faiss/utils/WorkerThread.cpp|facebookresearch|faiss|WorkerThread.cpp|C++|75|14|28
403|./src/_00/output/C++/facebookresearch~faiss/faiss/utils/utils.h|facebookresearch|faiss|utils.h|C/C++ Header|75|89|41
404|./src/_00/output/C++/facebookresearch~faiss/benchs/bench_fw_range.py|facebookresearch|faiss|bench_fw_range.py|Python|74|4|5
405|./src/_00/output/C++/facebookresearch~faiss/c_api/INSTALL.md|facebookresearch|faiss|INSTALL.md|Markdown|74|0|30
406|./src/_00/output/C++/facebookresearch~faiss/faiss/impl/LookupTableScaler.h|facebookresearch|faiss|LookupTableScaler.h|C/C++ Header|74|14|23
407|./src/_00/output/C++/facebookresearch~faiss/faiss/invlists/InvertedListsIOHook.cpp|facebookresearch|faiss|InvertedListsIOHook.cpp|C++|74|10|18
408|./src/_00/output/C++/facebookresearch~faiss/benchs/bench_ivf_fastscan.py|facebookresearch|faiss|bench_ivf_fastscan.py|Python|73|13|26
409|./src/_00/output/C++/facebookresearch~faiss/faiss/impl/DistanceComputer.h|facebookresearch|faiss|DistanceComputer.h|C/C++ Header|73|35|23
410|./src/_00/output/C++/facebookresearch~faiss/c_api/Clustering_c.h|facebookresearch|faiss|Clustering_c.h|C/C++ Header|72|42|25
411|./src/_00/output/C++/facebookresearch~faiss/contrib/inspect_tools.py|facebookresearch|faiss|inspect_tools.py|Python|72|19|20
412|./src/_00/output/C++/facebookresearch~faiss/faiss/impl/FaissException.cpp|facebookresearch|faiss|FaissException.cpp|C++|72|14|14
413|./src/_00/output/C++/facebookresearch~faiss/faiss/impl/io.h|facebookresearch|faiss|io.h|C/C++ Header|72|34|39
414|./src/_00/output/C++/facebookresearch~faiss/faiss/impl/pq4_fast_scan.h|facebookresearch|faiss|pq4_fast_scan.h|C/C++ Header|72|98|22
415|./src/_00/output/C++/facebookresearch~faiss/c_api/IndexIVFFlat_c.cpp|facebookresearch|faiss|IndexIVFFlat_c.cpp|C++|71|17|13
416|./src/_00/output/C++/facebookresearch~faiss/faiss/gpu/impl/RaftIVFPQ.cuh|facebookresearch|faiss|RaftIVFPQ.cuh|CUDA|71|54|25
417|./src/_00/output/C++/facebookresearch~faiss/faiss/gpu/utils/Limits.cuh|facebookresearch|faiss|Limits.cuh|CUDA|71|9|15
418|./src/_00/output/C++/facebookresearch~faiss/faiss/gpu/impl/scan/IVFInterleavedScanKernelTemplate.cu|facebookresearch|faiss|IVFInterleavedScanKernelTemplate.cu|CUDA|70|0|8
419|./src/_00/output/C++/facebookresearch~faiss/tutorial/cpp/1-Flat.cpp|facebookresearch|faiss|1-Flat.cpp|C++|70|9|22
420|./src/_00/output/C++/facebookresearch~faiss/faiss/IndexFlat.h|facebookresearch|faiss|IndexFlat.h|C/C++ Header|69|32|29
421|./src/_00/output/C++/facebookresearch~faiss/faiss/gpu/impl/IVFFlat.cuh|facebookresearch|faiss|IVFFlat.cuh|CUDA|69|21|15
422|./src/_00/output/C++/facebookresearch~faiss/faiss/gpu/utils/PtxUtils.cuh|facebookresearch|faiss|PtxUtils.cuh|CUDA|69|7|16
423|./src/_00/output/C++/facebookresearch~faiss/tutorial/cpp/5-Multiple-GPUs.cpp|facebookresearch|faiss|5-Multiple-GPUs.cpp|C++|69|7|23
424|./src/_00/output/C++/facebookresearch~faiss/tutorial/cpp/3-IVFPQ.cpp|facebookresearch|faiss|3-IVFPQ.cpp|C++|68|6|21
425|./src/_00/output/C++/facebookresearch~faiss/benchs/bench_all_ivf/bench_kmeans.py|facebookresearch|faiss|bench_kmeans.py|Python|67|13|36
426|./src/_00/output/C++/facebookresearch~faiss/demos/rocksdb_ivf/demo_rocksdb_ivf.cpp|facebookresearch|faiss|demo_rocksdb_ivf.cpp|C++|67|1|13
427|./src/_00/output/C++/facebookresearch~faiss/faiss/gpu/utils/StaticUtils.h|facebookresearch|faiss|StaticUtils.h|C/C++ Header|67|7|20
428|./src/_00/output/C++/facebookresearch~faiss/README.md|facebookresearch|faiss|README.md|Markdown|66|0|26
429|./src/_00/output/C++/facebookresearch~faiss/c_api/index_io_c.cpp|facebookresearch|faiss|index_io_c.cpp|C++|66|9|11
430|./src/_00/output/C++/facebookresearch~faiss/faiss/IVFlib.h|facebookresearch|faiss|IVFlib.h|C/C++ Header|66|80|27
431|./src/_00/output/C++/facebookresearch~faiss/faiss/IndexIVFFlat.h|facebookresearch|faiss|IndexIVFFlat.h|C/C++ Header|66|19|24
432|./src/_00/output/C++/facebookresearch~faiss/faiss/utils/ordered_key_value.h|facebookresearch|faiss|ordered_key_value.h|C/C++ Header|66|24|16
433|./src/_00/output/C++/facebookresearch~faiss/faiss/impl/ProductAdditiveQuantizer.h|facebookresearch|faiss|ProductAdditiveQuantizer.h|C/C++ Header|65|67|22
434|./src/_00/output/C++/facebookresearch~faiss/benchs/distributed_ondisk/merge_to_ondisk.py|facebookresearch|faiss|merge_to_ondisk.py|Python|64|5|27
435|./src/_00/output/C++/facebookresearch~faiss/faiss/gpu/impl/BinaryFlatIndex.cu|facebookresearch|faiss|BinaryFlatIndex.cu|CUDA|64|11|16
436|./src/_00/output/C++/facebookresearch~faiss/benchs/bench_fw/descriptors.py|facebookresearch|faiss|descriptors.py|Python|63|41|14
437|./src/_00/output/C++/facebookresearch~faiss/demos/offline_ivf/utils.py|facebookresearch|faiss|utils.py|Python|63|17|14
438|./src/_00/output/C++/facebookresearch~faiss/faiss/gpu/impl/IVFAppend.cuh|facebookresearch|faiss|IVFAppend.cuh|CUDA|62|12|10
439|./src/_00/output/C++/facebookresearch~faiss/faiss/gpu/test/TestGpuMemoryException.cpp|facebookresearch|faiss|TestGpuMemoryException.cpp|C++|62|17|14
440|./src/_00/output/C++/facebookresearch~faiss/faiss/gpu/utils/WarpSelectKernel.cuh|facebookresearch|faiss|WarpSelectKernel.cuh|CUDA|62|8|15
441|./src/_00/output/C++/facebookresearch~faiss/faiss/python/loader.py|facebookresearch|faiss|loader.py|Python|62|24|13
442|./src/_00/output/C++/facebookresearch~faiss/c_api/IndexBinary_c.h|facebookresearch|faiss|IndexBinary_c.h|C/C++ Header|61|85|24
443|./src/_00/output/C++/facebookresearch~faiss/faiss/IndexBinaryFromFloat.cpp|facebookresearch|faiss|IndexBinaryFromFloat.cpp|C++|61|7|18
444|./src/_00/output/C++/facebookresearch~faiss/faiss/gpu/GpuIndexIVFFlat.h|facebookresearch|faiss|GpuIndexIVFFlat.h|C/C++ Header|61|34|24
445|./src/_00/output/C++/facebookresearch~faiss/faiss/gpu/perf/PerfSelect.cu|facebookresearch|faiss|PerfSelect.cu|CUDA|61|7|14
446|./src/_00/output/C++/facebookresearch~faiss/faiss/impl/io_macros.h|facebookresearch|faiss|io_macros.h|C/C++ Header|61|15|12
447|./src/_00/output/C++/facebookresearch~faiss/tutorial/cpp/8-PQFastScanRefine.cpp|facebookresearch|faiss|8-PQFastScanRefine.cpp|C++|61|7|16
448|./src/_00/output/C++/facebookresearch~faiss/c_api/MetaIndexes_c.cpp|facebookresearch|faiss|MetaIndexes_c.cpp|C++|60|8|14
449|./src/_00/output/C++/facebookresearch~faiss/faiss/IndexScalarQuantizer.h|facebookresearch|faiss|IndexScalarQuantizer.h|C/C++ Header|60|24|26
450|./src/_00/output/C++/facebookresearch~faiss/faiss/impl/ResidualQuantizer.h|facebookresearch|faiss|ResidualQuantizer.h|C/C++ Header|60|65|33
451|./src/_00/output/C++/facebookresearch~faiss/benchs/bench_scalar_quantizer.py|facebookresearch|faiss|bench_scalar_quantizer.py|Python|59|5|18
452|./src/_00/output/C++/facebookresearch~faiss/c_api/IndexScalarQuantizer_c.h|facebookresearch|faiss|IndexScalarQuantizer_c.h|C/C++ Header|59|15|22
453|./src/_00/output/C++/facebookresearch~faiss/demos/demo_nndescent.cpp|facebookresearch|faiss|demo_nndescent.cpp|C++|59|11|18
454|./src/_00/output/C++/facebookresearch~faiss/faiss/gpu/GpuDistance.h|facebookresearch|faiss|GpuDistance.h|C/C++ Header|58|91|28
455|./src/_00/output/C++/facebookresearch~faiss/faiss/gpu/GpuIndexIVFScalarQuantizer.h|facebookresearch|faiss|GpuIndexIVFScalarQuantizer.h|C/C++ Header|58|36|24
456|./src/_00/output/C++/facebookresearch~faiss/faiss/impl/ScalarQuantizer.h|facebookresearch|faiss|ScalarQuantizer.h|C/C++ Header|58|34|29
457|./src/_00/output/C++/facebookresearch~faiss/tests/test_clone.py|facebookresearch|faiss|test_clone.py|Python|58|10|20
458|./src/_00/output/C++/facebookresearch~faiss/faiss/IndexBinary.h|facebookresearch|faiss|IndexBinary.h|C/C++ Header|57|94|27
459|./src/_00/output/C++/facebookresearch~faiss/tests/test_ivfpq_indexing.cpp|facebookresearch|faiss|test_ivfpq_indexing.cpp|C++|57|13|24
460|./src/_00/output/C++/facebookresearch~faiss/CMakeLists.txt|facebookresearch|faiss|CMakeLists.txt|CMake|56|20|19
461|./src/_00/output/C++/facebookresearch~faiss/benchs/bench_partition.py|facebookresearch|faiss|bench_partition.py|Python|56|6|16
462|./src/_00/output/C++/facebookresearch~faiss/benchs/bench_vector_ops.py|facebookresearch|faiss|bench_vector_ops.py|Python|56|6|23
463|./src/_00/output/C++/facebookresearch~faiss/benchs/kmeans_mnist.py|facebookresearch|faiss|kmeans_mnist.py|Python|56|8|25
464|./src/_00/output/C++/facebookresearch~faiss/tutorial/cpp/2-IVFFlat.cpp|facebookresearch|faiss|2-IVFFlat.cpp|C++|56|6|17
465|./src/_00/output/C++/facebookresearch~faiss/benchs/bench_pq_tables.py|facebookresearch|faiss|bench_pq_tables.py|Python|55|6|17
466|./src/_00/output/C++/facebookresearch~faiss/faiss/IndexNSG.h|facebookresearch|faiss|IndexNSG.h|C/C++ Header|55|28|26
467|./src/_00/output/C++/facebookresearch~faiss/faiss/gpu/impl/FlatIndex.cuh|facebookresearch|faiss|FlatIndex.cuh|CUDA|55|48|29
468|./src/_00/output/C++/facebookresearch~faiss/faiss/gpu/utils/ThrustUtils.cuh|facebookresearch|faiss|ThrustUtils.cuh|CUDA|55|15|12
469|./src/_00/output/C++/facebookresearch~faiss/faiss/invlists/DirectMap.h|facebookresearch|faiss|DirectMap.h|C/C++ Header|55|29|30
470|./src/_00/output/C++/facebookresearch~faiss/faiss/python/setup.py|facebookresearch|faiss|setup.py|Python|55|12|11
471|./src/_00/output/C++/facebookresearch~faiss/benchs/bench_index_flat.py|facebookresearch|faiss|bench_index_flat.py|Python|54|7|26
472|./src/_00/output/C++/facebookresearch~faiss/c_api/IndexFlat_c.h|facebookresearch|faiss|IndexFlat_c.h|C/C++ Header|54|45|31
473|./src/_00/output/C++/facebookresearch~faiss/faiss/IndexPreTransform.h|facebookresearch|faiss|IndexPreTransform.h|C/C++ Header|54|20|28
474|./src/_00/output/C++/facebookresearch~faiss/faiss/gpu/GpuIndexBinaryFlat.h|facebookresearch|faiss|GpuIndexBinaryFlat.h|C/C++ Header|54|24|22
475|./src/_00/output/C++/facebookresearch~faiss/faiss/IndexPQFastScan.cpp|facebookresearch|faiss|IndexPQFastScan.cpp|C++|53|7|14
476|./src/_00/output/C++/facebookresearch~faiss/faiss/gpu/impl/IVFUtils.cuh|facebookresearch|faiss|IVFUtils.cuh|CUDA|53|29|12
477|./src/_00/output/C++/facebookresearch~faiss/c_api/IndexPreTransform_c.cpp|facebookresearch|faiss|IndexPreTransform_c.cpp|C++|52|8|11
478|./src/_00/output/C++/facebookresearch~faiss/c_api/gpu/StandardGpuResources_c.cpp|facebookresearch|faiss|StandardGpuResources_c.cpp|C++|52|8|10
479|./src/_00/output/C++/facebookresearch~faiss/c_api/utils/distances_c.h|facebookresearch|faiss|distances_c.h|C/C++ Header|52|35|23
480|./src/_00/output/C++/facebookresearch~faiss/demos/demo_client_server_ivf.py|facebookresearch|faiss|demo_client_server_ivf.py|Python|52|14|25
481|./src/_00/output/C++/facebookresearch~faiss/faiss/impl/code_distance/code_distance-generic.h|facebookresearch|faiss|code_distance-generic.h|C/C++ Header|52|18|11
482|./src/_00/output/C++/facebookresearch~faiss/tests/test_ivfpq_codec.cpp|facebookresearch|faiss|test_ivfpq_codec.cpp|C++|52|14|20
483|./src/_00/output/C++/facebookresearch~faiss/tutorial/cpp/7-PQFastScan.cpp|facebookresearch|faiss|7-PQFastScan.cpp|C++|52|6|17
484|./src/_00/output/C++/facebookresearch~faiss/benchs/bench_6bit_codec.cpp|facebookresearch|faiss|bench_6bit_codec.cpp|C++|50|12|19
485|./src/_00/output/C++/facebookresearch~faiss/faiss/gpu/utils/DeviceTensor.cuh|facebookresearch|faiss|DeviceTensor.cuh|CUDA|50|28|18
486|./src/_00/output/C++/facebookresearch~faiss/faiss/utils/hamming_distance/hamdis-inl.h|facebookresearch|faiss|hamdis-inl.h|C/C++ Header|50|19|14
487|./src/_00/output/C++/facebookresearch~faiss/faiss/utils/quantize_lut.h|facebookresearch|faiss|quantize_lut.h|C/C++ Header|50|39|13
488|./src/_00/output/C++/facebookresearch~faiss/tests/test_contrib_with_scipy.py|facebookresearch|faiss|test_contrib_with_scipy.py|Python|50|10|27
489|./src/_00/output/C++/facebookresearch~faiss/tutorial/cpp/6-HNSW.cpp|facebookresearch|faiss|6-HNSW.cpp|C++|50|6|17
490|./src/_00/output/C++/facebookresearch~faiss/c_api/IndexShards_c.cpp|facebookresearch|faiss|IndexShards_c.cpp|C++|49|6|10
491|./src/_00/output/C++/facebookresearch~faiss/contrib/client_server.py|facebookresearch|faiss|client_server.py|Python|49|20|22
492|./src/_00/output/C++/facebookresearch~faiss/faiss/MetaIndexes.h|facebookresearch|faiss|MetaIndexes.h|C/C++ Header|49|13|21
493|./src/_00/output/C++/facebookresearch~faiss/faiss/gpu/perf/IndexWrapper-inl.h|facebookresearch|faiss|IndexWrapper-inl.h|C/C++ Header|49|7|10
494|./src/_00/output/C++/facebookresearch~faiss/faiss/gpu/utils/ReductionOperators.cuh|facebookresearch|faiss|ReductionOperators.cuh|CUDA|49|8|14
495|./src/_00/output/C++/facebookresearch~faiss/faiss/gpu/utils/StackDeviceMemory.h|facebookresearch|faiss|StackDeviceMemory.h|C/C++ Header|49|35|28
496|./src/_00/output/C++/facebookresearch~faiss/demos/demo_ondisk_ivf.py|facebookresearch|faiss|demo_ondisk_ivf.py|Python|48|15|24
497|./src/_00/output/C++/facebookresearch~faiss/faiss/gpu/utils/HostTensor.cuh|facebookresearch|faiss|HostTensor.cuh|CUDA|48|26|20
498|./src/_00/output/C++/facebookresearch~faiss/tests/test_mem_leak.cpp|facebookresearch|faiss|test_mem_leak.cpp|C++|48|6|12
499|./src/_00/output/C++/facebookresearch~faiss/benchs/bench_fw_optimize.py|facebookresearch|faiss|bench_fw_optimize.py|Python|47|4|7
500|./src/_00/output/C++/facebookresearch~faiss/c_api/IndexReplicas_c.cpp|facebookresearch|faiss|IndexReplicas_c.cpp|C++|47|6|9
501|./src/_00/output/C++/facebookresearch~faiss/demos/offline_ivf/create_sharded_ssnpp_files.py|facebookresearch|faiss|create_sharded_ssnpp_files.py|Python|47|8|8
502|./src/_00/output/C++/facebookresearch~faiss/c_api/CMakeLists.txt|facebookresearch|faiss|CMakeLists.txt|CMake|46|4|9
503|./src/_00/output/C++/facebookresearch~faiss/faiss/IndexShards.h|facebookresearch|faiss|IndexShards.h|C/C++ Header|46|46|19
504|./src/_00/output/C++/facebookresearch~faiss/faiss/gpu/utils/Float16.cuh|facebookresearch|faiss|Float16.cuh|CUDA|46|10|17
505|./src/_00/output/C++/facebookresearch~faiss/faiss/gpu/utils/Pair.cuh|facebookresearch|faiss|Pair.cuh|CUDA|46|7|13
506|./src/_00/output/C++/facebookresearch~faiss/demos/rocksdb_ivf/RocksDBInvertedLists.h|facebookresearch|faiss|RocksDBInvertedLists.h|C/C++ Header|45|1|14
507|./src/_00/output/C++/facebookresearch~faiss/faiss/IndexRefine.h|facebookresearch|faiss|IndexRefine.h|C/C++ Header|45|22|24
508|./src/_00/output/C++/facebookresearch~faiss/faiss/utils/prefetch.h|facebookresearch|faiss|prefetch.h|C/C++ Header|45|12|20
509|./src/_00/output/C++/facebookresearch~faiss/.github/workflows/publish-docs.yml|facebookresearch|faiss|publish-docs.yml|YAML|44|0|0
510|./src/_00/output/C++/facebookresearch~faiss/benchs/distributed_ondisk/distributed_query_demo.py|facebookresearch|faiss|distributed_query_demo.py|Python|44|9|17
511|./src/_00/output/C++/facebookresearch~faiss/faiss/IndexIVFPQR.h|facebookresearch|faiss|IndexIVFPQR.h|C/C++ Header|44|11|19
512|./src/_00/output/C++/facebookresearch~faiss/faiss/IndexRowwiseMinMax.h|facebookresearch|faiss|IndexRowwiseMinMax.h|C/C++ Header|44|33|22
513|./src/_00/output/C++/facebookresearch~faiss/faiss/index_io.h|facebookresearch|faiss|index_io.h|C/C++ Header|44|27|19
514|./src/_00/output/C++/facebookresearch~faiss/faiss/utils/fp16-inl.h|facebookresearch|faiss|fp16-inl.h|C/C++ Header|44|41|23
515|./src/_00/output/C++/facebookresearch~faiss/tests/test_heap.cpp|facebookresearch|faiss|test_heap.cpp|C++|44|6|3
516|./src/_00/output/C++/facebookresearch~faiss/c_api/IndexIVFFlat_c.h|facebookresearch|faiss|IndexIVFFlat_c.h|C/C++ Header|43|29|14
517|./src/_00/output/C++/facebookresearch~faiss/c_api/gpu/GpuClonerOptions_c.cpp|facebookresearch|faiss|GpuClonerOptions_c.cpp|C++|43|8|8
518|./src/_00/output/C++/facebookresearch~faiss/faiss/IndexIVFSpectralHash.h|facebookresearch|faiss|IndexIVFSpectralHash.h|C/C++ Header|43|26|20
519|./src/_00/output/C++/facebookresearch~faiss/faiss/MatrixStats.h|facebookresearch|faiss|MatrixStats.h|C/C++ Header|43|14|14
520|./src/_00/output/C++/facebookresearch~faiss/faiss/gpu/test/test_raft.py|facebookresearch|faiss|test_raft.py|Python|43|9|16
521|./src/_00/output/C++/facebookresearch~faiss/faiss/gpu/utils/RaftUtils.h|facebookresearch|faiss|RaftUtils.h|C/C++ Header|43|25|7
522|./src/_00/output/C++/facebookresearch~faiss/faiss/utils/partitioning.h|facebookresearch|faiss|partitioning.h|C/C++ Header|43|18|13
523|./src/_00/output/C++/facebookresearch~faiss/tests/test_disable_pq_sdc_tables.cpp|facebookresearch|faiss|test_disable_pq_sdc_tables.cpp|C++|43|9|9
524|./src/_00/output/C++/facebookresearch~faiss/c_api/gpu/GpuAutoTune_c.h|facebookresearch|faiss|GpuAutoTune_c.h|C/C++ Header|42|14|11
525|./src/_00/output/C++/facebookresearch~faiss/benchs/bench_gpu_sift1m.py|facebookresearch|faiss|bench_gpu_sift1m.py|Python|41|16|35
526|./src/_00/output/C++/facebookresearch~faiss/c_api/AutoTune_c.h|facebookresearch|faiss|AutoTune_c.h|C/C++ Header|41|23|19
527|./src/_00/output/C++/facebookresearch~faiss/contrib/README.md|facebookresearch|faiss|README.md|Markdown|41|0|35
528|./src/_00/output/C++/facebookresearch~faiss/faiss/gpu/impl/IcmEncoder.cuh|facebookresearch|faiss|IcmEncoder.cuh|CUDA|41|24|14
529|./src/_00/output/C++/facebookresearch~faiss/faiss/gpu/impl/VectorResidual.cuh|facebookresearch|faiss|VectorResidual.cuh|CUDA|41|8|10
530|./src/_00/output/C++/facebookresearch~faiss/faiss/impl/CodePacker.cpp|facebookresearch|faiss|CodePacker.cpp|C++|41|13|13
531|./src/_00/output/C++/facebookresearch~faiss/faiss/invlists/BlockInvertedLists.h|facebookresearch|faiss|BlockInvertedLists.h|C/C++ Header|41|26|16
532|./src/_00/output/C++/facebookresearch~faiss/faiss/utils/sorting.h|facebookresearch|faiss|sorting.h|C/C++ Header|41|43|14
533|./src/_00/output/C++/facebookresearch~faiss/.github/workflows/update-doxygen.yml|facebookresearch|faiss|update-doxygen.yml|YAML|40|0|0
534|./src/_00/output/C++/facebookresearch~faiss/faiss/IndexIVFPQFastScan.h|facebookresearch|faiss|IndexIVFPQFastScan.h|C/C++ Header|40|28|19
535|./src/_00/output/C++/facebookresearch~faiss/tests/test_fastscan_perf.cpp|facebookresearch|faiss|test_fastscan_perf.cpp|C++|40|14|12
536|./src/_00/output/C++/facebookresearch~faiss/tests/test_binary_flat.cpp|facebookresearch|faiss|test_binary_flat.cpp|C++|39|9|14
537|./src/_00/output/C++/facebookresearch~faiss/c_api/gpu/GpuResources_c.h|facebookresearch|faiss|GpuResources_c.h|C/C++ Header|38|25|20
538|./src/_00/output/C++/facebookresearch~faiss/faiss/impl/CodePacker.h|facebookresearch|faiss|CodePacker.h|C/C++ Header|38|20|13
539|./src/_00/output/C++/facebookresearch~faiss/faiss/impl/ThreadedIndex.h|facebookresearch|faiss|ThreadedIndex.h|C/C++ Header|38|28|20
540|./src/_00/output/C++/facebookresearch~faiss/faiss/IndexReplicas.h|facebookresearch|faiss|IndexReplicas.h|C/C++ Header|37|33|18
541|./src/_00/output/C++/facebookresearch~faiss/faiss/gpu/impl/RaftFlatIndex.cuh|facebookresearch|faiss|RaftFlatIndex.cuh|CUDA|37|26|8
542|./src/_00/output/C++/facebookresearch~faiss/contrib/vecs_io.py|facebookresearch|faiss|vecs_io.py|Python|36|8|16
543|./src/_00/output/C++/facebookresearch~faiss/faiss/Index2Layer.h|facebookresearch|faiss|Index2Layer.h|C/C++ Header|36|21|19
544|./src/_00/output/C++/facebookresearch~faiss/faiss/gpu/test/test_gpu_index_serialize.py|facebookresearch|faiss|test_gpu_index_serialize.py|Python|36|12|17
545|./src/_00/output/C++/facebookresearch~faiss/faiss/gpu/utils/MatrixMult.cuh|facebookresearch|faiss|MatrixMult.cuh|CUDA|36|11|8
546|./src/_00/output/C++/facebookresearch~faiss/faiss/utils/extra_distances.h|facebookresearch|faiss|extra_distances.h|C/C++ Header|36|10|12
547|./src/_00/output/C++/facebookresearch~faiss/CONTRIBUTING.md|facebookresearch|faiss|CONTRIBUTING.md|Markdown|35|0|17
548|./src/_00/output/C++/facebookresearch~faiss/benchs/distributed_ondisk/make_trained_index.py|facebookresearch|faiss|make_trained_index.py|Python|35|4|13
549|./src/_00/output/C++/facebookresearch~faiss/faiss/gpu/impl/PQScanMultiPassNoPrecomputed.cuh|facebookresearch|faiss|PQScanMultiPassNoPrecomputed.cuh|CUDA|35|8|7
550|./src/_00/output/C++/facebookresearch~faiss/faiss/gpu/utils/Timer.cpp|facebookresearch|faiss|Timer.cpp|C++|35|6|14
551|./src/_00/output/C++/facebookresearch~faiss/faiss/gpu/utils/warpselect/WarpSelectImpl.cuh|facebookresearch|faiss|WarpSelectImpl.cuh|CUDA|35|6|4
552|./src/_00/output/C++/facebookresearch~faiss/faiss/impl/FaissException.h|facebookresearch|faiss|FaissException.h|C/C++ Header|35|16|15
553|./src/_00/output/C++/facebookresearch~faiss/demos/offline_ivf/generate_config.py|facebookresearch|faiss|generate_config.py|Python|34|4|7
554|./src/_00/output/C++/facebookresearch~faiss/faiss/IndexLSH.h|facebookresearch|faiss|IndexLSH.h|C/C++ Header|34|20|19
555|./src/_00/output/C++/facebookresearch~faiss/faiss/IndexNNDescent.h|facebookresearch|faiss|IndexNNDescent.h|C/C++ Header|34|18|20
556|./src/_00/output/C++/facebookresearch~faiss/faiss/gpu/GpuIcmEncoder.h|facebookresearch|faiss|GpuIcmEncoder.h|C/C++ Header|34|11|15
557|./src/_00/output/C++/facebookresearch~faiss/faiss/IndexBinaryFlat.h|facebookresearch|faiss|IndexBinaryFlat.h|C/C++ Header|33|15|20
558|./src/_00/output/C++/facebookresearch~faiss/faiss/gpu/utils/Comparators.cuh|facebookresearch|faiss|Comparators.cuh|CUDA|33|6|8
559|./src/_00/output/C++/facebookresearch~faiss/tests/test_autotune.py|facebookresearch|faiss|test_autotune.py|Python|33|4|10
560|./src/_00/output/C++/facebookresearch~faiss/c_api/IndexLSH_c.cpp|facebookresearch|faiss|IndexLSH_c.cpp|C++|32|8|7
561|./src/_00/output/C++/facebookresearch~faiss/faiss/gpu/impl/BroadcastSum.cuh|facebookresearch|faiss|BroadcastSum.cuh|CUDA|32|10|10
562|./src/_00/output/C++/facebookresearch~faiss/tutorial/python/4-GPU.py|facebookresearch|faiss|4-GPU.py|Python|32|9|16
563|./src/_00/output/C++/facebookresearch~faiss/contrib/ondisk.py|facebookresearch|faiss|ondisk.py|Python|31|17|11
564|./src/_00/output/C++/facebookresearch~faiss/faiss/gpu/impl/PQScanMultiPassPrecomputed.cuh|facebookresearch|faiss|PQScanMultiPassPrecomputed.cuh|CUDA|31|8|6
565|./src/_00/output/C++/facebookresearch~faiss/c_api/MetaIndexes_c.h|facebookresearch|faiss|MetaIndexes_c.h|C/C++ Header|30|52|18
566|./src/_00/output/C++/facebookresearch~faiss/faiss/IndexLattice.h|facebookresearch|faiss|IndexLattice.h|C/C++ Header|30|17|18
567|./src/_00/output/C++/facebookresearch~faiss/benchs/datasets.py|facebookresearch|faiss|datasets.py|Python|29|4|12
568|./src/_00/output/C++/facebookresearch~faiss/c_api/gpu/GpuClonerOptions_c.h|facebookresearch|faiss|GpuClonerOptions_c.h|C/C++ Header|29|22|20
569|./src/_00/output/C++/facebookresearch~faiss/faiss/gpu/impl/BinaryFlatIndex.cuh|facebookresearch|faiss|BinaryFlatIndex.cuh|CUDA|29|18|18
570|./src/_00/output/C++/facebookresearch~faiss/faiss/gpu/impl/RemapIndices.cpp|facebookresearch|faiss|RemapIndices.cpp|C++|29|9|9
571|./src/_00/output/C++/facebookresearch~faiss/tests/test_rowwise_minmax.py|facebookresearch|faiss|test_rowwise_minmax.py|Python|29|9|17
572|./src/_00/output/C++/facebookresearch~faiss/benchs/bench_polysemous_sift1m.py|facebookresearch|faiss|bench_polysemous_sift1m.py|Python|28|5|14
573|./src/_00/output/C++/facebookresearch~faiss/c_api/IndexPreTransform_c.h|facebookresearch|faiss|IndexPreTransform_c.h|C/C++ Header|28|10|12
574|./src/_00/output/C++/facebookresearch~faiss/c_api/gpu/DeviceUtils_c.cpp|facebookresearch|faiss|DeviceUtils_c.cpp|C++|28|13|6
575|./src/_00/output/C++/facebookresearch~faiss/c_api/gpu/StandardGpuResources_c.h|facebookresearch|faiss|StandardGpuResources_c.h|C/C++ Header|28|20|13
576|./src/_00/output/C++/facebookresearch~faiss/c_api/index_io_c.h|facebookresearch|faiss|index_io_c.h|C/C++ Header|28|37|13
577|./src/_00/output/C++/facebookresearch~faiss/faiss/IndexBinaryHNSW.h|facebookresearch|faiss|IndexBinaryHNSW.h|C/C++ Header|28|13|17
578|./src/_00/output/C++/facebookresearch~faiss/faiss/gpu/impl/IVFFlatScan.cuh|facebookresearch|faiss|IVFFlatScan.cuh|CUDA|28|8|6
579|./src/_00/output/C++/facebookresearch~faiss/faiss/IndexFlatCodes.h|facebookresearch|faiss|IndexFlatCodes.h|C/C++ Header|27|17|22
580|./src/_00/output/C++/facebookresearch~faiss/faiss/IndexIVFIndependentQuantizer.h|facebookresearch|faiss|IndexIVFIndependentQuantizer.h|C/C++ Header|27|14|15
581|./src/_00/output/C++/facebookresearch~faiss/faiss/gpu/impl/InterleavedCodes.h|facebookresearch|faiss|InterleavedCodes.h|C/C++ Header|27|22|8
582|./src/_00/output/C++/facebookresearch~faiss/tutorial/python/8-PQFastScanRefine.py|facebookresearch|faiss|8-PQFastScanRefine.py|Python|27|5|6
583|./src/_00/output/C++/facebookresearch~faiss/c_api/IndexLSH_c.h|facebookresearch|faiss|IndexLSH_c.h|C/C++ Header|26|9|10
584|./src/_00/output/C++/facebookresearch~faiss/c_api/IndexReplicas_c.h|facebookresearch|faiss|IndexReplicas_c.h|C/C++ Header|26|10|12
585|./src/_00/output/C++/facebookresearch~faiss/c_api/gpu/macros_impl.h|facebookresearch|faiss|macros_impl.h|C/C++ Header|26|8|7
586|./src/_00/output/C++/facebookresearch~faiss/c_api/index_factory_c.cpp|facebookresearch|faiss|index_factory_c.cpp|C++|26|14|5
587|./src/_00/output/C++/facebookresearch~faiss/faiss/gpu/GpuClonerOptions.h|facebookresearch|faiss|GpuClonerOptions.h|C/C++ Header|26|27|16
588|./src/_00/output/C++/facebookresearch~faiss/faiss/utils/hamming_distance/common.h|facebookresearch|faiss|common.h|C/C++ Header|26|13|10
589|./src/_00/output/C++/facebookresearch~faiss/tests/test_binary_factory.py|facebookresearch|faiss|test_binary_factory.py|Python|26|4|14
590|./src/_00/output/C++/facebookresearch~faiss/tests/test_util.h|facebookresearch|faiss|test_util.h|C/C++ Header|26|6|7
591|./src/_00/output/C++/facebookresearch~faiss/faiss/gpu/impl/IndexUtils.cu|facebookresearch|faiss|IndexUtils.cu|CUDA|25|10|7
592|./src/_00/output/C++/facebookresearch~faiss/faiss/gpu/utils/Timer.h|facebookresearch|faiss|Timer.h|C/C++ Header|25|17|11
593|./src/_00/output/C++/facebookresearch~faiss/faiss/python/python_callbacks.h|facebookresearch|faiss|python_callbacks.h|C/C++ Header|25|18|17
594|./src/_00/output/C++/facebookresearch~faiss/faiss/utils/WorkerThread.h|facebookresearch|faiss|WorkerThread.h|C/C++ Header|25|21|15
595|./src/_00/output/C++/facebookresearch~faiss/faiss/utils/distances_fused/distances_fused.cpp|facebookresearch|faiss|distances_fused.cpp|C++|25|10|7
596|./src/_00/output/C++/facebookresearch~faiss/tutorial/python/7-PQFastScan.py|facebookresearch|faiss|7-PQFastScan.py|Python|25|5|5
597|./src/_00/output/C++/facebookresearch~faiss/c_api/IndexShards_c.h|facebookresearch|faiss|IndexShards_c.h|C/C++ Header|24|10|12
598|./src/_00/output/C++/facebookresearch~faiss/c_api/faiss_c.h|facebookresearch|faiss|faiss_c.h|C/C++ Header|24|25|14
599|./src/_00/output/C++/facebookresearch~faiss/demos/offline_ivf/README.md|facebookresearch|faiss|README.md|Markdown|24|0|28
600|./src/_00/output/C++/facebookresearch~faiss/faiss/IndexBinaryFromFloat.h|facebookresearch|faiss|IndexBinaryFromFloat.h|C/C++ Header|24|14|16
601|./src/_00/output/C++/facebookresearch~faiss/faiss/gpu/perf/IndexWrapper.h|facebookresearch|faiss|IndexWrapper.h|C/C++ Header|24|9|8
602|./src/_00/output/C++/facebookresearch~faiss/faiss/invlists/InvertedListsIOHook.h|facebookresearch|faiss|InvertedListsIOHook.h|C/C++ Header|24|26|12
603|./src/_00/output/C++/facebookresearch~faiss/faiss/IndexShardsIVF.h|facebookresearch|faiss|IndexShardsIVF.h|C/C++ Header|23|10|9
604|./src/_00/output/C++/facebookresearch~faiss/faiss/MetricType.h|facebookresearch|faiss|MetricType.h|C/C++ Header|23|18|10
605|./src/_00/output/C++/facebookresearch~faiss/faiss/gpu/impl/PQCodeDistances.cuh|facebookresearch|faiss|PQCodeDistances.cuh|CUDA|23|10|7
606|./src/_00/output/C++/facebookresearch~faiss/faiss/gpu/test/CMakeLists.txt|facebookresearch|faiss|CMakeLists.txt|CMake|23|19|8
607|./src/_00/output/C++/facebookresearch~faiss/tests/test_callback.cpp|facebookresearch|faiss|test_callback.cpp|C++|23|6|8
608|./src/_00/output/C++/facebookresearch~faiss/tests/test_oom_exception.py|facebookresearch|faiss|test_oom_exception.py|Python|23|6|5
609|./src/_00/output/C++/facebookresearch~faiss/tutorial/python/2-IVFFlat.py|facebookresearch|faiss|2-IVFFlat.py|Python|23|5|6
610|./src/_00/output/C++/facebookresearch~faiss/tutorial/python/3-IVFPQ.py|facebookresearch|faiss|3-IVFPQ.py|Python|23|5|4
611|./src/_00/output/C++/facebookresearch~faiss/benchs/bench_hamming_knn.py|facebookresearch|faiss|bench_hamming_knn.py|Python|22|4|3
612|./src/_00/output/C++/facebookresearch~faiss/c_api/clone_index_c.cpp|facebookresearch|faiss|clone_index_c.cpp|C++|22|9|5
613|./src/_00/output/C++/facebookresearch~faiss/faiss/IndexPQFastScan.h|facebookresearch|faiss|IndexPQFastScan.h|C/C++ Header|22|27|13
614|./src/_00/output/C++/facebookresearch~faiss/tutorial/python/5-Multiple-GPUs.py|facebookresearch|faiss|5-Multiple-GPUs.py|Python|22|4|9
615|./src/_00/output/C++/facebookresearch~faiss/.github/ISSUE_TEMPLATE.md|facebookresearch|faiss|ISSUE_TEMPLATE.md|Markdown|21|0|12
616|./src/_00/output/C++/facebookresearch~faiss/c_api/index_factory_c.h|facebookresearch|faiss|index_factory_c.h|C/C++ Header|21|14|8
617|./src/_00/output/C++/facebookresearch~faiss/conda/faiss-gpu/build-lib.sh|facebookresearch|faiss|build-lib.sh|Bourne Shell|21|6|5
618|./src/_00/output/C++/facebookresearch~faiss/faiss/gpu/utils/DeviceDefs.cuh|facebookresearch|faiss|DeviceDefs.cuh|CUDA|21|14|8
619|./src/_00/output/C++/facebookresearch~faiss/faiss/utils/random.h|facebookresearch|faiss|random.h|C/C++ Header|21|24|17
620|./src/_00/output/C++/facebookresearch~faiss/tutorial/python/1-Flat.py|facebookresearch|faiss|1-Flat.py|Python|21|4|4
621|./src/_00/output/C++/facebookresearch~faiss/conda/faiss/build-lib.bat|facebookresearch|faiss|build-lib.bat|DOS Batch|20|0|3
622|./src/_00/output/C++/facebookresearch~faiss/faiss/utils/bf16.h|facebookresearch|faiss|bf16.h|C/C++ Header|20|7|9
623|./src/_00/output/C++/facebookresearch~faiss/tests/test_callback_py.py|facebookresearch|faiss|test_callback_py.py|Python|20|4|8
624|./src/_00/output/C++/facebookresearch~faiss/conda/faiss/build-pkg.bat|facebookresearch|faiss|build-pkg.bat|DOS Batch|19|0|4
625|./src/_00/output/C++/facebookresearch~faiss/benchs/link_and_code/README.md|facebookresearch|faiss|README.md|Markdown|18|0|7
626|./src/_00/output/C++/facebookresearch~faiss/faiss/cppcontrib/detail/CoarseBitType.h|facebookresearch|faiss|CoarseBitType.h|C/C++ Header|18|6|7
627|./src/_00/output/C++/facebookresearch~faiss/faiss/gpu/impl/L2Norm.cuh|facebookresearch|faiss|L2Norm.cuh|CUDA|18|6|6
628|./src/_00/output/C++/facebookresearch~faiss/benchs/bench_pairwise_distances.py|facebookresearch|faiss|bench_pairwise_distances.py|Python|17|8|11
629|./src/_00/output/C++/facebookresearch~faiss/conda/faiss/build-lib-osx.sh|facebookresearch|faiss|build-lib-osx.sh|Bourne Shell|17|5|5
630|./src/_00/output/C++/facebookresearch~faiss/demos/rocksdb_ivf/README.md|facebookresearch|faiss|README.md|Markdown|17|0|6
631|./src/_00/output/C++/facebookresearch~faiss/faiss/clone_index.h|facebookresearch|faiss|clone_index.h|C/C++ Header|17|12|10
632|./src/_00/output/C++/facebookresearch~faiss/faiss/utils/fp16-arm.h|facebookresearch|faiss|fp16-arm.h|C/C++ Header|17|6|6
633|./src/_00/output/C++/facebookresearch~faiss/tests/test_partitioning.cpp|facebookresearch|faiss|test_partitioning.cpp|C++|17|11|5
634|./src/_00/output/C++/facebookresearch~faiss/c_api/error_c.h|facebookresearch|faiss|error_c.h|C/C++ Header|16|19|7
635|./src/_00/output/C++/facebookresearch~faiss/c_api/gpu/DeviceUtils_c.h|facebookresearch|faiss|DeviceUtils_c.h|C/C++ Header|16|13|9
636|./src/_00/output/C++/facebookresearch~faiss/conda/faiss-gpu-raft/build-lib.sh|facebookresearch|faiss|build-lib.sh|Bourne Shell|16|5|5
637|./src/_00/output/C++/facebookresearch~faiss/demos/README.md|facebookresearch|faiss|README.md|Markdown|16|0|12
638|./src/_00/output/C++/facebookresearch~faiss/faiss/gpu/test/test_gpu_index_ivfflat.py|facebookresearch|faiss|test_gpu_index_ivfflat.py|Python|16|4|5
639|./src/_00/output/C++/facebookresearch~faiss/faiss/utils/distances_fused/avx512.h|facebookresearch|faiss|avx512.h|C/C++ Header|16|11|9
640|./src/_00/output/C++/facebookresearch~faiss/faiss/utils/distances_fused/simdlib_based.h|facebookresearch|faiss|simdlib_based.h|C/C++ Header|16|8|8
641|./src/_00/output/C++/facebookresearch~faiss/faiss/utils/fp16-fp16c.h|facebookresearch|faiss|fp16-fp16c.h|C/C++ Header|16|6|6
642|./src/_00/output/C++/facebookresearch~faiss/tutorial/cpp/CMakeLists.txt|facebookresearch|faiss|CMakeLists.txt|CMake|16|5|8
643|./src/_00/output/C++/facebookresearch~faiss/benchs/bench_all_ivf/make_groundtruth.py|facebookresearch|faiss|make_groundtruth.py|Python|15|5|7
644|./src/_00/output/C++/facebookresearch~faiss/c_api/clone_index_c.h|facebookresearch|faiss|clone_index_c.h|C/C++ Header|15|12|8
645|./src/_00/output/C++/facebookresearch~faiss/c_api/error_impl.cpp|facebookresearch|faiss|error_impl.cpp|C++|15|8|4
646|./src/_00/output/C++/facebookresearch~faiss/c_api/gpu/GpuIndicesOptions_c.h|facebookresearch|faiss|GpuIndicesOptions_c.h|C/C++ Header|15|18|5
647|./src/_00/output/C++/facebookresearch~faiss/conda/faiss/build-pkg-osx.sh|facebookresearch|faiss|build-pkg-osx.sh|Bourne Shell|15|6|5
648|./src/_00/output/C++/facebookresearch~faiss/faiss/gpu/perf/slow.py|facebookresearch|faiss|slow.py|Python|15|5|5
649|./src/_00/output/C++/facebookresearch~faiss/faiss/gpu/utils/MergeNetworkUtils.cuh|facebookresearch|faiss|MergeNetworkUtils.cuh|CUDA|15|6|5
650|./src/_00/output/C++/facebookresearch~faiss/faiss/impl/Quantizer.h|facebookresearch|faiss|Quantizer.h|C/C++ Header|15|21|10
651|./src/_00/output/C++/facebookresearch~faiss/c_api/gpu/CMakeLists.txt|facebookresearch|faiss|CMakeLists.txt|CMake|14|4|4
652|./src/_00/output/C++/facebookresearch~faiss/conda/faiss/build-lib.sh|facebookresearch|faiss|build-lib.sh|Bourne Shell|14|5|5
653|./src/_00/output/C++/facebookresearch~faiss/demos/CMakeLists.txt|facebookresearch|faiss|CMakeLists.txt|CMake|14|5|7
654|./src/_00/output/C++/facebookresearch~faiss/faiss/gpu/GpuAutoTune.h|facebookresearch|faiss|GpuAutoTune.h|C/C++ Header|14|9|6
655|./src/_00/output/C++/facebookresearch~faiss/faiss/gpu/GpuFaissAssert.h|facebookresearch|faiss|GpuFaissAssert.h|C/C++ Header|14|9|5
656|./src/_00/output/C++/facebookresearch~faiss/benchs/bench_index_pq.py|facebookresearch|faiss|bench_index_pq.py|Python|13|4|5
657|./src/_00/output/C++/facebookresearch~faiss/c_api/gpu/GpuIndex_c.h|facebookresearch|faiss|GpuIndex_c.h|C/C++ Header|13|8|9
658|./src/_00/output/C++/facebookresearch~faiss/conda/faiss-gpu-raft/build-pkg.sh|facebookresearch|faiss|build-pkg.sh|Bourne Shell|13|6|5
659|./src/_00/output/C++/facebookresearch~faiss/conda/faiss-gpu/build-pkg.sh|facebookresearch|faiss|build-pkg.sh|Bourne Shell|13|6|5
660|./src/_00/output/C++/facebookresearch~faiss/faiss/cppcontrib/SaDecodeKernels.h|facebookresearch|faiss|SaDecodeKernels.h|C/C++ Header|13|305|4
661|./src/_00/output/C++/facebookresearch~faiss/faiss/gpu/impl/L2Select.cuh|facebookresearch|faiss|L2Select.cuh|CUDA|13|6|5
662|./src/_00/output/C++/facebookresearch~faiss/faiss/gpu/impl/RemapIndices.h|facebookresearch|faiss|RemapIndices.h|C/C++ Header|13|8|5
663|./src/_00/output/C++/facebookresearch~faiss/faiss/utils/distances_fused/distances_fused.h|facebookresearch|faiss|distances_fused.h|C/C++ Header|13|20|7
664|./src/_00/output/C++/facebookresearch~faiss/faiss/utils/simdlib.h|facebookresearch|faiss|simdlib.h|C/C++ Header|13|15|14
665|./src/_00/output/C++/facebookresearch~faiss/conda/faiss/build-lib-arm64.sh|facebookresearch|faiss|build-lib-arm64.sh|Bourne Shell|12|5|5
666|./src/_00/output/C++/facebookresearch~faiss/conda/faiss/build-pkg.sh|facebookresearch|faiss|build-pkg.sh|Bourne Shell|12|6|5
667|./src/_00/output/C++/facebookresearch~faiss/faiss/gpu/impl/BinaryDistance.cuh|facebookresearch|faiss|BinaryDistance.cuh|CUDA|12|8|4
668|./src/_00/output/C++/facebookresearch~faiss/benchs/bench_all_ivf/README.md|facebookresearch|faiss|README.md|Markdown|11|0|9
669|./src/_00/output/C++/facebookresearch~faiss/conda/faiss/build-pkg-arm64.sh|facebookresearch|faiss|build-pkg-arm64.sh|Bourne Shell|11|6|5
670|./src/_00/output/C++/facebookresearch~faiss/faiss/gpu/GpuIndicesOptions.h|facebookresearch|faiss|GpuIndicesOptions.h|C/C++ Header|11|16|4
671|./src/_00/output/C++/facebookresearch~faiss/faiss/impl/kmeans1d.h|facebookresearch|faiss|kmeans1d.h|C/C++ Header|11|31|6
672|./src/_00/output/C++/facebookresearch~faiss/faiss/index_factory.h|facebookresearch|faiss|index_factory.h|C/C++ Header|11|9|7
673|./src/_00/output/C++/facebookresearch~faiss/faiss/utils/fp16.h|facebookresearch|faiss|fp16.h|C/C++ Header|10|6|4
674|./src/_00/output/C++/facebookresearch~faiss/faiss/gpu/impl/IndexUtils.h|facebookresearch|faiss|IndexUtils.h|C/C++ Header|9|12|8
675|./src/_00/output/C++/facebookresearch~faiss/faiss/gpu/utils/blockselect/BlockSelectFloatF2048.cu|facebookresearch|faiss|BlockSelectFloatF2048.cu|CUDA|9|6|4
676|./src/_00/output/C++/facebookresearch~faiss/faiss/gpu/utils/blockselect/BlockSelectFloatT2048.cu|facebookresearch|faiss|BlockSelectFloatT2048.cu|CUDA|9|6|4
677|./src/_00/output/C++/facebookresearch~faiss/faiss/gpu/utils/warpselect/WarpSelectFloatF2048.cu|facebookresearch|faiss|WarpSelectFloatF2048.cu|CUDA|9|6|4
678|./src/_00/output/C++/facebookresearch~faiss/faiss/gpu/utils/warpselect/WarpSelectFloatT2048.cu|facebookresearch|faiss|WarpSelectFloatT2048.cu|CUDA|9|6|4
679|./src/_00/output/C++/facebookresearch~faiss/faiss/utils/approx_topk/approx_topk.h|facebookresearch|faiss|approx_topk.h|C/C++ Header|8|71|5
680|./src/_00/output/C++/facebookresearch~faiss/faiss/utils/approx_topk/mode.h|facebookresearch|faiss|mode.h|C/C++ Header|8|23|3
681|./src/_00/output/C++/facebookresearch~faiss/demos/rocksdb_ivf/CMakeLists.txt|facebookresearch|faiss|CMakeLists.txt|CMake|7|0|1
682|./src/_00/output/C++/facebookresearch~faiss/faiss/gpu/utils/blockselect/BlockSelectFloat1.cu|facebookresearch|faiss|BlockSelectFloat1.cu|CUDA|7|6|4
683|./src/_00/output/C++/facebookresearch~faiss/faiss/gpu/utils/blockselect/BlockSelectFloat128.cu|facebookresearch|faiss|BlockSelectFloat128.cu|CUDA|7|6|4
684|./src/_00/output/C++/facebookresearch~faiss/faiss/gpu/utils/blockselect/BlockSelectFloat256.cu|facebookresearch|faiss|BlockSelectFloat256.cu|CUDA|7|6|4
685|./src/_00/output/C++/facebookresearch~faiss/faiss/gpu/utils/blockselect/BlockSelectFloat32.cu|facebookresearch|faiss|BlockSelectFloat32.cu|CUDA|7|6|4
686|./src/_00/output/C++/facebookresearch~faiss/faiss/gpu/utils/blockselect/BlockSelectFloat64.cu|facebookresearch|faiss|BlockSelectFloat64.cu|CUDA|7|6|4
687|./src/_00/output/C++/facebookresearch~faiss/faiss/gpu/utils/warpselect/WarpSelectFloat1.cu|facebookresearch|faiss|WarpSelectFloat1.cu|CUDA|7|6|4
688|./src/_00/output/C++/facebookresearch~faiss/faiss/gpu/utils/warpselect/WarpSelectFloat128.cu|facebookresearch|faiss|WarpSelectFloat128.cu|CUDA|7|6|4
689|./src/_00/output/C++/facebookresearch~faiss/faiss/gpu/utils/warpselect/WarpSelectFloat256.cu|facebookresearch|faiss|WarpSelectFloat256.cu|CUDA|7|6|4
690|./src/_00/output/C++/facebookresearch~faiss/faiss/gpu/utils/warpselect/WarpSelectFloat32.cu|facebookresearch|faiss|WarpSelectFloat32.cu|CUDA|7|6|4
691|./src/_00/output/C++/facebookresearch~faiss/faiss/gpu/utils/warpselect/WarpSelectFloat64.cu|facebookresearch|faiss|WarpSelectFloat64.cu|CUDA|7|6|4
692|./src/_00/output/C++/facebookresearch~faiss/tests/test_doxygen_documentation.py|facebookresearch|faiss|test_doxygen_documentation.py|Python|7|4|6
693|./src/_00/output/C++/facebookresearch~faiss/cmake/thirdparty/fetch_rapids.cmake|facebookresearch|faiss|fetch_rapids.cmake|CMake|6|17|1
694|./src/_00/output/C++/facebookresearch~faiss/faiss/gpu/utils/blockselect/BlockSelectFloatF1024.cu|facebookresearch|faiss|BlockSelectFloatF1024.cu|CUDA|6|6|4
695|./src/_00/output/C++/facebookresearch~faiss/faiss/gpu/utils/blockselect/BlockSelectFloatF512.cu|facebookresearch|faiss|BlockSelectFloatF512.cu|CUDA|6|6|4
696|./src/_00/output/C++/facebookresearch~faiss/faiss/gpu/utils/blockselect/BlockSelectFloatT1024.cu|facebookresearch|faiss|BlockSelectFloatT1024.cu|CUDA|6|6|4
697|./src/_00/output/C++/facebookresearch~faiss/faiss/gpu/utils/blockselect/BlockSelectFloatT512.cu|facebookresearch|faiss|BlockSelectFloatT512.cu|CUDA|6|6|4
698|./src/_00/output/C++/facebookresearch~faiss/faiss/gpu/utils/warpselect/WarpSelectFloatF1024.cu|facebookresearch|faiss|WarpSelectFloatF1024.cu|CUDA|6|6|4
699|./src/_00/output/C++/facebookresearch~faiss/faiss/gpu/utils/warpselect/WarpSelectFloatF512.cu|facebookresearch|faiss|WarpSelectFloatF512.cu|CUDA|6|6|4
700|./src/_00/output/C++/facebookresearch~faiss/faiss/gpu/utils/warpselect/WarpSelectFloatT1024.cu|facebookresearch|faiss|WarpSelectFloatT1024.cu|CUDA|6|6|4
701|./src/_00/output/C++/facebookresearch~faiss/faiss/gpu/utils/warpselect/WarpSelectFloatT512.cu|facebookresearch|faiss|WarpSelectFloatT512.cu|CUDA|6|6|4
702|./src/_00/output/C++/facebookresearch~faiss/tests/test_documentation.py|facebookresearch|faiss|test_documentation.py|Python|6|4|6
703|./src/_00/output/C++/facebookresearch~faiss/tests/test_omp_threads_py.py|facebookresearch|faiss|test_omp_threads_py.py|Python|6|4|5
704|./src/_00/output/C++/facebookresearch~faiss/c_api/gpu/GpuIndex_c.cpp|facebookresearch|faiss|GpuIndex_c.cpp|C++|5|8|4
705|./src/_00/output/C++/facebookresearch~faiss/conda/conda_build_config.yaml|facebookresearch|faiss|conda_build_config.yaml|YAML|5|0|0
706|./src/_00/output/C++/facebookresearch~faiss/conda/faiss/test_cpu_dispatch.sh|facebookresearch|faiss|test_cpu_dispatch.sh|Bourne Shell|5|4|2
707|./src/_00/output/C++/facebookresearch~faiss/tests/test_omp_threads.cpp|facebookresearch|faiss|test_omp_threads.cpp|C++|5|6|3
708|./src/_00/output/C++/facebookresearch~faiss/CODE_OF_CONDUCT.md|facebookresearch|faiss|CODE_OF_CONDUCT.md|Markdown|2|0|0
709|./src/_00/output/C++/facebookresearch~faiss/benchs/CMakeLists.txt|facebookresearch|faiss|CMakeLists.txt|CMake|2|5|4
710|./src/_00/output/C++/facebookresearch~faiss/c_api/error_impl.h|facebookresearch|faiss|error_impl.h|C/C++ Header|2|11|3
711|./src/_00/output/C++/facebookresearch~faiss/cmake/faiss-config.cmake.in|facebookresearch|faiss|faiss-config.cmake.in|CMake|1|5|1
712|./src/_00/output/C++/facebookresearch~faiss/faiss/impl/code_distance/code_distance_avx512.h|facebookresearch|faiss|code_distance_avx512.h|C/C++ Header|0|88|14
